代码,日期,收盘,开盘,最高,最低,成交量,成交额
801880,2014-02-21,2984.5,2991.2,3006.57,2953.55,7.43270635,77.8887898339
801880,2014-02-24,2944.25,2965.07,2965.12,2910.27,7.91041659,93.5751085345
801880,2014-02-25,2830.47,2945.01,2954.3,2812.86,12.22845482,141.7990866776
801880,2014-02-26,2886.53,2819.98,2886.53,2809.91,10.73296531,122.31390399680001
801880,2014-02-27,2865.18,2902.14,2962.04,2864.7,12.42987422,146.00044308469998
801880,2014-02-28,2929.19,2852.85,2932.15,2831.96,9.86801758,118.48221871700001
801880,2014-03-03,2988.02,2937.21,2989.16,2931.18,10.71017798,125.45685546680001
801880,2014-03-04,2978.01,2972.82,2982.93,2950.58,10.66499246,129.529623963
801880,2014-03-05,2954.23,2983.91,2993.91,2947.87,9.75567933,109.8566090448
801880,2014-03-06,2930.15,2948.69,2948.92,2883.38,8.35251213,99.30227109290001
801880,2014-03-07,2944.66,2925.99,2956.76,2924.01,8.97732681,107.2170664491
801880,2014-03-10,2857.32,2925.42,2925.53,2854.73,9.28041453,107.8684423149
801880,2014-03-11,2842.92,2848.12,2867.51,2813.83,7.68853299,94.9060944852
801880,2014-03-12,2842.74,2832.83,2845.86,2787.17,8.11873006,95.4225665609
801880,2014-03-13,2867.1,2839.28,2867.1,2830.04,6.24896181,72.2211167871
801880,2014-03-14,2845.57,2851.31,2863.57,2833.19,6.25877,69.28685896479999
801880,2014-03-17,2920.03,2850.52,2920.03,2850.46,7.65952126,87.2070568669
801880,2014-03-18,2927.35,2920.43,2955.26,2917.53,8.61617414,97.9796431333
801880,2014-03-19,2909.06,2918.7,2918.72,2877.65,8.11919512,94.04691848120001
801880,2014-03-20,2816.4,2896.42,2911.57,2816.4,9.00355546,102.37833023280001
801880,2014-03-21,2872.58,2805.08,2880.15,2783.3,8.95201198,94.4747876312
801880,2014-03-24,2892.17,2874.37,2896.75,2857.7,8.67678646,89.75380882620001
801880,2014-03-25,2907.56,2885.24,2929.03,2876.09,8.8882704,91.9307282135
801880,2014-03-26,2928.69,2909.76,2939.29,2907.44,8.84463228,89.63116329489999
801880,2014-03-27,2885.82,2925.91,2926.66,2885.82,9.31402169,96.1107796939
801880,2014-03-28,2862.26,2895.84,2910.84,2859.05,10.49642459,109.08559935459999
801880,2014-03-31,2842.02,2861.5,2872.99,2823.91,6.52920972,66.3371830488
801880,2014-04-01,2868.84,2836.46,2870.25,2832.68,5.2170402,53.6332586476
801880,2014-04-02,2883.6,2871.62,2894.18,2871.37,6.18532263,66.1200726513
801880,2014-04-03,2882.83,2886.53,2905.44,2871.64,6.48830315,72.7179246556
801880,2014-04-04,2927.1,2880.45,2927.34,2878.01,6.43834376,67.4091054267
801880,2014-04-08,2983.11,2915.6,2983.11,2911.55,8.58157095,91.2391883709
801880,2014-04-09,2995.68,2986.69,2995.84,2975.77,7.44044603,82.0630809396
801880,2014-04-10,3030.32,2995.55,3043.34,2986.87,9.34918339,110.69266679450001
801880,2014-04-11,3019.25,3018.75,3033.78,3001.18,8.56443328,97.7032209085
801880,2014-04-14,3054.02,3030.79,3056.07,3030.77,7.09088314,79.1988858664
801880,2014-04-15,3009.96,3060.42,3060.49,3006.72,7.46317868,85.6091577424
801880,2014-04-16,3004.43,3003.46,3025.41,2997.34,5.76729176,60.4484497321
801880,2014-04-17,3010.45,3013.05,3020.24,2997.24,5.93537923,61.4309709201
801880,2014-04-18,3016.45,3002.89,3017.55,2991.8,5.87130749,64.2340652437
801880,2014-04-21,2955.03,2998.4,3012.09,2954.85,6.73516301,75.3282658977
801880,2014-04-22,2941.14,2946.9,2961.46,2895.0,6.69198912,73.8154459232
801880,2014-04-23,2930.47,2929.46,2936.43,2911.65,5.54047327,61.39866902399999
801880,2014-04-24,2916.57,2925.47,2939.86,2911.03,5.52591725,55.734056476400006
801880,2014-04-25,2871.46,2918.04,2925.96,2870.05,5.7849211,57.2527712641
801880,2014-04-28,2814.77,2861.35,2864.89,2811.68,5.17515485,50.5596674987
801880,2014-04-29,2871.49,2813.74,2871.49,2811.67,4.8791975,49.9922430519
801880,2014-04-30,2891.82,2876.76,2894.23,2868.16,4.89990412,52.9035148022
801880,2014-05-05,2915.06,2886.63,2915.06,2878.0,4.6455368,51.81832406109999
801880,2014-05-06,2914.46,2914.92,2934.49,2904.84,4.77980769,55.4771160033
801880,2014-05-07,2864.37,2904.94,2908.65,2864.37,4.8667113,56.7652985958
801880,2014-05-08,2860.05,2857.28,2898.7,2850.91,4.78257395,54.228989299300004
801880,2014-05-09,2821.75,2846.54,2847.37,2804.67,4.06898102,45.5271591023
801880,2014-05-12,2880.9,2833.18,2880.9,2820.49,5.53482719,64.9990314389
801880,2014-05-13,2868.72,2878.17,2878.43,2855.14,4.04958582,47.8562176618
801880,2014-05-14,2858.9,2858.38,2867.22,2850.53,3.49389308,41.396437255100004
801880,2014-05-15,2813.65,2855.14,2858.56,2812.3,4.66230834,54.3622536961
801880,2014-05-16,2814.98,2809.7,2815.66,2787.63,3.9359802,46.5064834208
801880,2014-05-19,2801.99,2815.31,2816.18,2786.61,3.43975123,37.9478650809
801880,2014-05-20,2810.29,2816.53,2834.57,2806.66,3.63736342,41.270133999
801880,2014-05-21,2845.31,2802.48,2845.31,2785.68,3.38557955,37.6908804164
801880,2014-05-22,2831.95,2846.29,2867.68,2830.6,4.30714553,49.0362810245
801880,2014-05-23,2852.9,2830.06,2853.09,2825.74,3.83965992,44.599893832700005
801880,2014-05-26,2898.3,2891.43,2907.62,2885.61,6.27259491,83.3205706937
801880,2014-05-27,2898.87,2895.8,2914.87,2891.26,5.40431583,71.5971165542
801880,2014-05-28,2922.84,2899.35,2924.45,2889.7,5.10776586,69.4376772429
801880,2014-05-29,2892.84,2920.91,2932.17,2892.84,5.21557531,74.00149744069999
801880,2014-05-30,2904.89,2890.62,2920.61,2880.43,5.10448616,67.5968636589
801880,2014-06-03,2899.14,2910.72,2917.5,2899.14,4.80894687,57.5894785298
801880,2014-06-04,2878.38,2895.46,2895.49,2850.57,5.14593329,59.4752999776
801880,2014-06-05,2904.14,2869.94,2904.14,2866.32,4.46722801,52.4136879163
801880,2014-06-06,2893.49,2903.72,2909.89,2879.41,4.85940832,56.779365535100006
801880,2014-06-09,2885.3,2882.25,2901.52,2874.94,4.84838308,58.2297399416
801880,2014-06-10,2928.03,2887.95,2928.03,2879.19,5.65757495,65.1426323097
801880,2014-06-11,2937.91,2919.82,2938.17,2914.78,5.14118622,62.8165146651
801880,2014-06-12,2928.26,2931.78,2946.62,2927.77,5.33457674,62.684549945200004
801880,2014-06-13,2992.93,2929.13,2997.18,2929.09,7.19013557,94.1076093882
801880,2014-06-16,3028.59,2992.52,3035.34,2992.39,7.74994492,99.74087267700001
801880,2014-06-17,2989.91,3019.97,3020.14,2987.75,6.23931132,79.0966435653
801880,2014-06-18,2977.31,2989.7,2994.74,2972.49,6.03907277,72.5214244667
801880,2014-06-19,2905.84,2977.92,2984.12,2892.24,6.07087985,72.8724903638
801880,2014-06-20,2935.68,2903.15,2935.68,2903.15,5.56678034,65.2322000427
801880,2014-06-23,2960.05,2940.05,2969.92,2937.78,5.2464284,69.9792737092
801880,2014-06-24,2997.73,2964.68,2997.73,2964.45,4.91272945,70.1154686949
801880,2014-06-25,2986.41,2998.63,2999.0,2975.53,5.0466584,71.5441164488
801880,2014-06-26,3022.39,2987.36,3022.57,2987.36,6.53888506,85.3410996371
801880,2014-06-27,3046.65,3025.94,3062.99,3016.16,8.17982474,109.2946796431
801880,2014-06-30,3066.58,3051.03,3073.03,3044.22,8.88232383,106.2442350201
801880,2014-07-01,3083.52,3071.31,3085.12,3062.94,8.13205768,105.2773460587
801880,2014-07-02,3101.06,3081.18,3101.06,3066.96,8.32873211,87.8164722264
801880,2014-07-03,3142.22,3097.41,3153.32,3093.58,9.05933994,96.0444774322
801880,2014-07-04,3134.28,3147.67,3150.5,3124.97,9.17192567,98.5062607249
801880,2014-07-07,3121.99,3135.91,3149.83,3115.14,7.6039764,83.9461639947
801880,2014-07-08,3170.09,3118.5,3170.09,3108.87,8.78536487,102.65894609520001
801880,2014-07-09,3130.29,3163.26,3182.53,3129.5,9.46459775,107.9905444968
801880,2014-07-10,3119.9,3151.42,3162.73,3114.38,7.80810316,90.5577022245
801880,2014-07-11,3161.12,3123.2,3172.62,3115.11,9.10295007,103.2410390197
801880,2014-07-14,3274.56,3175.49,3285.4,3175.48,15.8547392,174.76698242630002
801880,2014-07-15,3259.23,3280.3,3280.34,3226.95,15.39116856,169.6251884604
801880,2014-07-16,3217.55,3248.77,3263.59,3203.75,11.78716719,120.0324733281
801880,2014-07-17,3171.12,3207.97,3208.1,3144.97,8.73312772,93.0470010813
801880,2014-07-18,3179.38,3156.29,3206.34,3154.11,7.75269473,85.051149295
801880,2014-07-21,3192.31,3176.43,3208.25,3175.99,7.0925426,77.040818968
801880,2014-07-22,3276.81,3193.45,3295.8,3193.32,12.56040786,138.6121448665
801880,2014-07-23,3254.24,3272.89,3274.34,3238.19,11.06373579,120.4700728518
801880,2014-07-24,3271.88,3270.44,3287.12,3229.94,9.17936128,104.8466945553
801880,2014-07-25,3310.45,3275.9,3310.45,3269.97,7.25400429,81.9806537237
801880,2014-07-28,3355.23,3323.93,3358.55,3323.77,10.47935129,119.1529299873
801880,2014-07-29,3394.75,3357.84,3419.17,3346.04,12.73884018,151.0646046032
801880,2014-07-30,3376.7,3363.35,3396.61,3351.89,11.6881859,132.9952723053
801880,2014-07-31,3406.4,3374.03,3406.4,3367.78,10.41693108,117.6304126124
801880,2014-08-01,3377.12,3396.69,3426.49,3368.25,11.55900605,132.1741784544
801880,2014-08-04,3444.59,3377.83,3444.59,3377.83,11.05100047,125.57026621940001
801880,2014-08-05,3462.98,3450.73,3462.98,3435.01,11.38688054,124.19775319629998
801880,2014-08-06,3485.62,3453.88,3494.04,3442.55,11.90753846,121.7480311642
801880,2014-08-07,3429.57,3489.85,3506.42,3426.34,11.1601527,121.4911141101
801880,2014-08-08,3439.89,3425.65,3449.4,3413.54,10.13571066,108.8858407136
801880,2014-08-11,3506.01,3443.13,3506.01,3436.84,10.96952736,123.7643344223
801880,2014-08-12,3511.9,3498.6,3513.1,3484.67,10.60819371,118.85552461510001
801880,2014-08-13,3511.36,3511.26,3529.75,3475.97,11.60340169,120.75722898049999
801880,2014-08-14,3513.92,3509.16,3565.53,3501.28,14.94393633,152.3795689169
801880,2014-08-15,3544.91,3509.24,3546.69,3499.75,10.17079179,109.9839972643
801880,2014-08-18,3570.57,3548.91,3572.04,3546.32,10.6300117,116.6122911997
801880,2014-08-19,3575.14,3579.59,3583.45,3548.86,12.03849226,130.3557101536
801880,2014-08-20,3562.09,3576.5,3584.34,3552.12,13.08085816,140.42639415850002
801880,2014-08-21,3543.78,3562.83,3562.83,3501.31,13.08304537,131.6215831568
801880,2014-08-22,3536.89,3536.91,3545.85,3513.08,9.90395811,104.1551947842
801880,2014-08-25,3494.17,3532.4,3536.89,3477.01,9.82616403,103.6802507308
801880,2014-08-26,3461.78,3488.61,3508.69,3448.62,9.62409405,101.05687612879998
801880,2014-08-27,3488.97,3463.79,3500.94,3463.12,8.41954936,91.1758393821
801880,2014-08-28,3454.38,3484.69,3490.09,3444.25,8.22376786,87.7371059034
801880,2014-08-29,3507.2,3456.23,3507.2,3451.09,7.11220747,77.8095207759
801880,2014-09-01,3563.42,3523.03,3563.42,3522.96,9.36445196,104.7636242233
801880,2014-09-02,3600.72,3572.99,3602.38,3559.27,12.01986732,135.2729072644
801880,2014-09-03,3636.15,3611.96,3649.46,3611.89,12.04009197,145.812577625
801880,2014-09-04,3652.26,3637.15,3656.29,3621.09,13.13063073,143.76346656020002
801880,2014-09-05,3687.44,3661.08,3687.88,3647.96,12.89014448,145.5781464726
801880,2014-09-09,3728.44,3691.94,3728.44,3675.73,13.7900775,150.2284348125
801880,2014-09-10,3708.28,3709.69,3718.19,3679.84,12.01444531,132.7515049586
801880,2014-09-11,3681.31,3706.95,3742.77,3663.06,12.96028631,146.8361668746
801880,2014-09-12,3722.56,3679.05,3722.56,3675.29,11.39529731,123.0511172453
801880,2014-09-15,3732.39,3717.41,3733.22,3696.5,12.67971539,138.51922492010002
801880,2014-09-16,3600.0,3732.05,3734.2,3599.32,15.81445809,174.0901094853
801880,2014-09-17,3612.99,3604.26,3618.03,3554.16,10.66895844,117.4309520784
801880,2014-09-18,3633.61,3604.27,3640.16,3595.64,9.11827802,97.97986122030001
801880,2014-09-19,3668.21,3632.94,3672.43,3631.08,8.70187627,96.57833008639999
801880,2014-09-22,3611.26,3662.7,3662.7,3600.91,8.74202982,97.0214944404
801880,2014-09-23,3645.87,3608.86,3652.17,3607.71,8.19877249,89.8564914971
801880,2014-09-24,3705.99,3636.05,3707.06,3629.83,11.31818843,125.96587777319999
801880,2014-09-25,3707.1,3725.89,3751.26,3696.44,11.95395812,133.4888099321
801880,2014-09-26,3725.81,3704.21,3725.81,3689.07,10.45016046,111.99917369110001
801880,2014-09-29,3771.94,3734.73,3772.23,3734.73,11.44646645,131.5473770521
801880,2014-09-30,3790.48,3772.71,3795.92,3756.57,10.11185723,115.44120551879999
801880,2014-10-08,3848.57,3797.74,3848.57,3787.55,12.07294264,135.0961706726
801880,2014-10-09,3874.72,3854.55,3874.72,3822.2,14.5621327,175.69648845700002
801880,2014-10-10,3839.54,3858.44,3877.23,3833.13,14.70528768,174.8128019709
801880,2014-10-13,3832.88,3822.45,3832.88,3774.95,12.73008662,148.52372075969998
801880,2014-10-14,3798.09,3824.74,3839.84,3776.5,11.73445566,135.87807069870001
801880,2014-10-15,3814.8,3797.25,3814.8,3767.41,10.73474932,130.2141903778
801880,2014-10-16,3743.33,3786.44,3815.34,3743.33,11.01060498,131.3520462909
801880,2014-10-17,3751.93,3737.85,3770.71,3659.13,11.91420411,136.3835230244
801880,2014-10-20,3808.58,3749.39,3809.73,3748.9,10.29301661,124.0734462967
801880,2014-10-21,3766.57,3805.4,3814.91,3764.04,9.7945854,117.38251236120001
801880,2014-10-22,3748.3,3767.23,3802.11,3744.57,9.76659654,124.9907759653
801880,2014-10-23,3713.56,3741.04,3761.44,3699.34,9.61026016,118.9766396197
801880,2014-10-24,3698.3,3707.99,3727.83,3688.27,6.9493809,91.1345656702
801880,2014-10-27,3705.48,3689.54,3705.48,3667.65,7.08141225,91.88180212559999
801880,2014-10-28,3789.53,3708.96,3789.53,3708.2,10.2368296,128.3922834543
801880,2014-10-29,3839.39,3795.94,3848.33,3788.66,14.19403411,176.27345063869998
801880,2014-10-30,3859.23,3840.2,3867.75,3826.1,14.3300654,174.3607951458
801880,2014-10-31,3861.73,3858.25,3883.45,3836.75,13.11663176,157.6668040838
801880,2014-11-03,3870.61,3869.83,3891.0,3853.8,12.27862483,149.9117740548
801880,2014-11-04,3843.32,3864.95,3866.36,3826.95,11.91723236,147.51560439530002
801880,2014-11-05,3827.58,3834.92,3840.31,3820.42,9.14736629,110.400648312
801880,2014-11-06,3848.35,3828.27,3848.96,3800.8,9.23197428,116.1498491031
801880,2014-11-07,3812.05,3851.71,3859.7,3792.71,10.52354739,136.8682052903
801880,2014-11-10,3887.7,3824.41,3887.78,3821.68,10.61403314,140.0117223068
801880,2014-11-11,3774.48,3898.39,3899.3,3743.06,12.7730161,166.3341430114
801880,2014-11-12,3833.83,3765.47,3833.83,3761.03,8.2308822,116.98191233780001
801880,2014-11-13,3795.21,3830.46,3830.46,3765.11,9.27649517,125.3167130471
801880,2014-11-14,3791.73,3783.06,3792.29,3761.76,7.11381028,98.87349793959999
801880,2014-11-17,3842.36,3856.57,3868.63,3815.91,9.04740599,126.33430852
801880,2014-11-18,3846.86,3837.94,3846.86,3824.1,8.00817025,101.1110600932
801880,2014-11-19,3834.75,3841.09,3852.26,3826.99,7.96043976,101.2912259493
801880,2014-11-20,3827.9,3818.78,3834.39,3808.15,6.80019252,85.35052333029999
801880,2014-11-21,3868.96,3824.56,3870.04,3820.9,7.27564159,91.9879402762
801880,2014-11-24,3922.2,3906.44,3930.5,3883.08,10.75567855,136.6520228364
801880,2014-11-25,3973.58,3924.06,3973.88,3917.85,10.86798536,137.68437139899999
801880,2014-11-26,3977.94,3982.3,3993.16,3945.06,12.18001291,147.1339855443
801880,2014-11-27,3982.86,3986.19,3989.36,3950.81,13.22015167,166.9220471633
801880,2014-11-28,3979.07,3976.78,3984.42,3937.03,15.14800336,185.398990025
801880,2014-12-01,3941.46,3969.84,3997.04,3918.41,12.65686859,163.9939062082
801880,2014-12-02,4001.49,3931.67,4014.4,3930.09,12.15759507,152.1909778331
801880,2014-12-03,4055.66,4008.42,4055.66,3995.53,18.60680534,233.882011896
801880,2014-12-04,4123.58,4069.81,4124.11,4069.81,17.96418017,225.9454476573
801880,2014-12-05,4075.09,4135.02,4159.0,3960.42,20.18021125,261.2553993551
801880,2014-12-08,4144.55,4059.94,4158.21,4033.36,17.78555768,239.717776199
801880,2014-12-09,3996.03,4126.23,4238.09,3973.89,22.49610984,306.0114672263
801880,2014-12-10,4167.85,4006.05,4169.4,4006.05,14.13210637,199.54212289740002
801880,2014-12-11,4200.75,4160.59,4227.86,4136.9,15.47895236,202.5108336138
801880,2014-12-12,4204.76,4205.18,4218.33,4179.28,12.42312834,164.9624095951
801880,2014-12-15,4241.0,4191.25,4247.99,4156.8,12.65953434,162.8963641049
801880,2014-12-16,4238.06,4237.12,4254.43,4199.43,13.48706032,169.20238562790001
801880,2014-12-17,4204.79,4232.91,4253.48,4159.43,16.5936505,207.1074120222
801880,2014-12-18,4163.84,4194.44,4218.11,4163.84,11.87344716,164.8309184908
801880,2014-12-19,4149.39,4159.52,4172.86,4066.78,13.53133616,187.2245326096
801880,2014-12-22,3992.32,4141.1,4141.19,3969.52,14.76903454,190.5624236125
801880,2014-12-23,3942.13,3976.22,4011.74,3938.36,9.92444492,130.9504816855
801880,2014-12-24,3934.29,3952.43,3960.33,3900.64,9.30309646,126.1199640297
801880,2014-12-25,3995.91,3954.05,3997.08,3940.51,10.68748891,134.4324345496
801880,2014-12-26,4030.69,4000.12,4031.13,3981.79,10.96494174,138.958982837
801880,2014-12-29,3954.3,4041.15,4048.26,3929.44,13.09997475,164.5575939651
801880,2014-12-30,3876.18,3925.98,3959.1,3861.74,11.0512345,142.9655555649
801880,2014-12-31,3934.4,3885.77,3938.55,3878.09,9.29858141,116.2264275179
801880,2015-01-05,4141.25,3949.09,4152.8,3949.08,16.10799115,219.7306677782
801880,2015-01-06,4258.6,4118.48,4324.98,4100.4,18.28129577,260.0154474478
801880,2015-01-07,4234.47,4234.24,4244.48,4205.26,10.97909675,154.7583583789
801880,2015-01-08,4223.97,4229.21,4260.26,4177.29,11.62404495,152.56118897049998
801880,2015-01-09,4180.71,4216.6,4280.78,4178.34,11.23746679,159.9739934248
801880,2015-01-12,4227.36,4167.08,4234.09,4161.65,10.18504988,147.3952207075
801880,2015-01-13,4298.51,4223.58,4323.99,4223.01,8.56728316,134.7256583515
801880,2015-01-14,4231.44,4295.94,4309.08,4218.85,7.29243117,103.69303383190001
801880,2015-01-15,4266.19,4227.1,4266.19,4212.85,7.13099816,100.63775322229999
801880,2015-01-16,4295.76,4271.45,4313.27,4271.09,9.02393472,121.03394095739999
801880,2015-01-19,4053.93,4147.9,4220.02,4000.52,12.65070095,168.8126249714
801880,2015-01-20,4192.36,4077.56,4195.21,4077.48,10.38420433,147.2040491388
801880,2015-01-21,4308.25,4212.23,4311.23,4204.95,11.87852348,167.009164981
801880,2015-01-22,4353.71,4325.9,4361.38,4295.72,12.3378361,173.5272619402
801880,2015-01-23,4309.74,4362.77,4377.81,4295.34,10.39184876,146.2798582085
801880,2015-01-26,4364.74,4319.17,4364.88,4306.45,10.02589777,134.2849352561
801880,2015-01-27,4434.35,4376.95,4461.48,4364.2,14.99484289,199.5594725882
801880,2015-01-28,4385.77,4415.13,4442.32,4367.32,11.53330735,153.2945383519
801880,2015-01-29,4332.63,4352.9,4354.07,4305.96,8.62050782,116.44119815219999
801880,2015-01-30,4266.91,4338.36,4364.61,4266.75,7.92804813,113.0853934024
801880,2015-02-02,4231.8,4225.35,4264.46,4202.95,7.17552092,103.788470754
801880,2015-02-03,4316.26,4265.3,4317.77,4257.13,8.49328901,120.540358324
801880,2015-02-04,4296.45,4338.17,4370.7,4293.62,9.32970961,136.11722281459998
801880,2015-02-05,4255.25,4337.22,4345.95,4254.65,9.23043109,132.1227534959
801880,2015-02-06,4192.46,4258.58,4276.56,4167.35,7.91016565,115.5463305052
801880,2015-02-09,4206.16,4196.86,4237.6,4195.53,6.66121344,99.8835707859
801880,2015-02-10,4285.98,4208.75,4285.98,4204.93,6.56601303,96.1962259152
801880,2015-02-11,4321.82,4288.3,4343.21,4284.16,6.00856717,88.51822140700001
801880,2015-02-12,4345.17,4330.11,4352.4,4297.85,6.72169077,90.18943190040001
801880,2015-02-13,4392.75,4362.51,4425.43,4362.21,9.76050111,137.54514321899998
801880,2015-02-16,4476.13,4407.67,4477.66,4406.12,10.18860835,153.56382643700002
801880,2015-02-17,4574.87,4505.11,4585.68,4504.85,12.0735865,175.1596984175
801880,2015-02-25,4561.74,4598.61,4598.61,4541.11,10.50712112,161.8626128947
801880,2015-02-26,4601.35,4559.47,4601.94,4547.5,9.73148928,145.36337755370002
801880,2015-02-27,4612.93,4598.35,4617.36,4594.19,11.42213164,159.6697642424
801880,2015-03-02,4694.78,4662.89,4700.61,4648.66,17.17879823,236.0315188789
801880,2015-03-03,4614.99,4683.39,4696.48,4613.02,16.77628716,248.3195800684
801880,2015-03-04,4686.28,4619.48,4686.28,4617.48,13.77408596,192.94812375669997
801880,2015-03-05,4715.31,4669.92,4715.31,4645.17,15.99353175,221.64217289139998
801880,2015-03-06,4623.67,4732.79,4737.69,4622.64,14.67914775,218.16103039900003
801880,2015-03-09,4675.64,4601.8,4675.7,4578.13,12.12277901,164.1892550552
801880,2015-03-10,4700.9,4672.47,4720.67,4668.01,11.78751657,166.7773008917
801880,2015-03-11,4726.72,4699.88,4731.1,4699.88,12.58125217,173.2253467881
801880,2015-03-12,4738.43,4731.47,4752.93,4720.0,12.43794944,188.51837521299998
801880,2015-03-13,4775.84,4753.07,4775.84,4748.26,11.42376407,165.2093662349
801880,2015-03-16,4868.16,4778.23,4868.16,4774.69,16.83814671,238.9630247582
801880,2015-03-17,4946.52,4892.89,4946.52,4875.28,20.78707657,296.4341714143
801880,2015-03-18,5005.05,4947.18,5005.05,4933.88,18.77769148,284.3935821616
801880,2015-03-19,5034.22,5003.36,5040.73,4988.11,19.84352556,288.6729727278
801880,2015-03-20,5051.91,5030.38,5062.53,5019.56,17.60435358,267.230580007
801880,2015-03-23,5154.51,5075.67,5154.51,5074.57,20.61597187,312.0769497485
801880,2015-03-24,5176.25,5155.3,5193.58,5054.95,24.47115165,370.8511242885
801880,2015-03-25,5234.59,5167.96,5253.83,5150.5,23.71537619,375.9057754047
801880,2015-03-26,5205.04,5217.36,5266.37,5165.57,23.29851895,369.45369994099997
801880,2015-03-27,5226.32,5205.57,5235.07,5162.12,16.83327213,266.43215472869997
801880,2015-03-30,5295.42,5241.77,5308.76,5240.78,19.97180236,319.3714585323
801880,2015-03-31,5270.5,5322.5,5333.76,5258.54,19.64460709,327.5660962541
801880,2015-04-01,5430.15,5289.32,5444.85,5289.32,22.17055029,358.6756659711
801880,2015-04-02,5510.71,5458.85,5511.0,5425.9,24.88068232,409.8298760851
801880,2015-04-03,5604.85,5496.27,5610.38,5476.95,23.99288845,401.13275128339995
801880,2015-04-07,5673.85,5634.97,5674.31,5616.48,23.36948098,417.9255107781
801880,2015-04-08,5611.73,5688.78,5692.09,5519.77,23.6699486,405.1807918622
801880,2015-04-09,5500.29,5608.56,5608.56,5364.8,21.5117179,357.9042306957
801880,2015-04-10,5596.93,5494.02,5602.91,5476.35,17.88809906,303.7787806769
801880,2015-04-13,5711.96,5632.68,5721.58,5600.13,23.03321703,421.21667781040003
801880,2015-04-14,5710.23,5702.99,5748.63,5660.66,22.28159128,384.3894269589
801880,2015-04-15,5545.47,5683.28,5686.38,5538.31,19.51253879,334.91799605330004
801880,2015-04-16,5660.29,5506.82,5678.86,5461.38,17.62549326,316.002995507
801880,2015-04-17,5714.14,5709.06,5742.72,5670.93,21.27489505,383.3677448735
801880,2015-04-20,5591.28,5693.36,5729.71,5582.08,23.72795781,415.61526487559996
801880,2015-04-21,5787.71,5600.6,5787.71,5600.6,19.19528364,340.389352174
801880,2015-04-22,5911.83,5843.16,5917.5,5843.16,22.04960736,415.54428301769997
801880,2015-04-23,6048.34,5998.9,6082.56,5973.07,27.37362205,499.8752655471
801880,2015-04-24,6075.7,6028.92,6091.19,5975.34,24.84671881,440.0731713068
801880,2015-04-27,6111.98,6137.5,6168.2,6039.15,24.84525886,464.8312247428
801880,2015-04-28,5922.57,6113.17,6115.7,5871.82,23.35905415,459.0502205787
801880,2015-04-29,6014.19,5884.03,6036.26,5859.06,18.1276827,343.9891561593
801880,2015-04-30,5969.82,6033.97,6075.07,5969.82,17.4884463,335.7252029813
801880,2015-05-04,6057.83,6009.87,6092.18,5990.85,17.35767127,322.7011228303
801880,2015-05-05,5829.81,6062.83,6062.83,5812.09,17.66497587,336.0068086161
801880,2015-05-06,5765.51,5855.47,5926.77,5729.95,14.74624293,273.5353699198
801880,2015-05-07,5699.18,5751.79,5778.3,5679.81,13.34990314,228.12363026970002
801880,2015-05-08,5844.18,5744.45,5845.01,5717.74,14.69361701,280.1066830523
801880,2015-05-11,6051.5,5900.98,6051.5,5860.78,19.49379951,385.5071486772
801880,2015-05-12,6122.27,6075.3,6122.63,6021.95,21.76662126,421.4742196117
801880,2015-05-13,6142.12,6113.97,6191.37,6063.76,22.48054727,438.6377365299
801880,2015-05-14,6137.01,6154.29,6179.65,6084.58,19.69073857,414.34255698970003
801880,2015-05-15,6094.05,6129.82,6140.32,5997.61,21.33123809,421.6469640051
801880,2015-05-18,6181.38,6078.53,6187.7,6050.27,20.8653024,419.2994217326
801880,2015-05-19,6329.77,6202.02,6330.55,6202.01,24.187186,488.040528071
801880,2015-05-20,6439.6,6342.52,6542.4,6342.52,26.43046347,543.6146841571
801880,2015-05-21,6645.84,6454.43,6645.84,6454.43,24.9300651,514.4703635334
801880,2015-05-22,6766.42,6743.64,6784.25,6623.25,29.59620057,613.6365733726
801880,2015-05-25,6957.26,6738.14,6957.26,6703.89,29.3511863,603.3879143038
801880,2015-05-26,7171.19,7018.08,7171.72,6946.29,32.05282218,667.9930200723
801880,2015-05-27,7223.95,7211.41,7252.7,7063.63,29.88178142,649.8173735071
801880,2015-05-28,6827.28,7237.62,7330.35,6822.76,32.42918038,701.5089604175
801880,2015-05-29,6881.84,6804.79,6995.27,6548.6,26.62381698,557.7305926721
801880,2015-06-01,7209.95,6929.74,7210.16,6929.74,24.53054142,521.5063520863
801880,2015-06-02,7464.38,7269.01,7464.9,7240.12,28.16282565,616.1029717948
801880,2015-06-03,7487.39,7509.9,7555.09,7316.64,26.78552052,602.7760387886
801880,2015-06-04,7479.69,7513.25,7522.9,7047.43,26.96942766,614.5424623104
801880,2015-06-05,7580.52,7577.66,7650.77,7410.25,31.2167769,721.2407890239
801880,2015-06-08,7562.43,7598.22,7598.22,7434.64,32.15523525,723.3845045088001
801880,2015-06-09,7540.18,7554.72,7597.03,7451.52,26.60883145,599.3561797428
801880,2015-06-10,7600.04,7472.97,7665.7,7401.04,25.81618858,580.8370183739
801880,2015-06-11,7673.77,7610.56,7673.77,7610.56,24.15865167,560.3476522095
801880,2015-06-12,7868.19,7719.86,7888.56,7719.86,30.67735184,719.0056296228
801880,2015-06-15,7833.28,7888.56,7978.03,7767.01,31.14518578,721.1091442078999
801880,2015-06-16,7537.95,7728.37,7736.58,7467.37,24.44816491,543.8749782819999
801880,2015-06-17,7612.69,7521.19,7641.81,7277.49,22.13971297,495.6860047011
801880,2015-06-18,7423.6,7606.67,7689.98,7407.8,21.57783164,470.4766580031
801880,2015-06-19,6918.3,7247.34,7319.0,6917.83,19.57958585,397.87819413510005
801880,2015-06-23,6978.85,6880.32,6980.43,6507.32,22.5770488,431.64049211300005
801880,2015-06-24,7145.65,7027.0,7145.65,6905.67,24.43448963,500.6141933124
801880,2015-06-25,6820.83,7141.86,7148.27,6749.88,23.08157113,471.8822721444
801880,2015-06-26,6252.1,6601.89,6602.23,6214.51,21.90897109,406.9683771947
801880,2015-06-29,5912.68,6386.65,6394.12,5730.64,27.16202579,466.6006064489
801880,2015-06-30,6235.64,5778.42,6242.8,5581.37,29.84609629,503.1892348734
801880,2015-07-01,5930.59,6163.85,6362.45,5908.25,26.9688447,483.43194238800004
801880,2015-07-02,5601.69,5922.76,5960.92,5528.65,23.66314281,373.2319069119
801880,2015-07-03,5264.16,5438.3,5659.19,5189.95,22.99220398,325.1439340936
801880,2015-07-06,5183.18,5652.76,5652.76,4997.9,30.22236192,428.5619771122
801880,2015-07-07,4942.54,5009.38,5044.12,4867.61,20.65227656,285.6844277207
801880,2015-07-08,4733.16,4674.16,4754.24,4656.52,22.47869548,302.74536328240004
801880,2015-07-09,4997.52,4661.08,4998.37,4632.31,20.57413413,274.7168915534
801880,2015-07-10,5265.06,5080.99,5288.59,5076.49,17.21905431,295.4514327577
801880,2015-07-13,5511.42,5372.19,5551.51,5330.04,23.5570454,413.3740004565
801880,2015-07-14,5480.29,5548.72,5666.58,5439.49,26.1214117,443.8677768497
801880,2015-07-16,5228.51,5080.13,5344.34,4952.84,23.71241258,339.38145210700003
801880,2015-07-17,5501.57,5254.06,5546.01,5252.82,24.58761764,361.2714931321
801880,2015-07-20,5549.91,5521.72,5634.87,5431.54,27.89523582,415.62079182680003
801880,2015-07-21,5600.15,5482.38,5643.98,5431.1,22.99720739,359.43512705050006
801880,2015-07-22,5622.87,5574.82,5634.89,5480.37,25.26833182,391.1428522876
801880,2015-07-23,5762.95,5621.79,5773.04,5597.03,28.24365028,454.40752406980005
801880,2015-07-24,5675.19,5772.52,5835.13,5639.15,29.7575446,489.6103286834
801880,2015-07-27,5217.19,5554.03,5672.53,5210.19,26.92855582,427.9204968494
801880,2015-07-28,5097.61,4979.88,5269.85,4890.55,28.14191442,400.78490652690004
801880,2015-07-29,5336.73,5169.77,5337.75,5034.99,22.35470917,333.0540316843
801880,2015-07-30,5180.68,5312.37,5406.27,5160.05,22.93332781,345.94137089620006
801880,2015-07-31,5176.81,5108.71,5245.02,5085.49,17.93237568,276.0078302725
801880,2015-08-03,5114.48,5109.38,5166.94,5002.4,19.05610829,277.6265025811
801880,2015-08-04,5355.28,5126.72,5355.28,5097.19,20.72707087,323.555569079
801880,2015-08-05,5290.47,5339.5,5427.71,5248.45,22.4175947,352.1174944253
801880,2015-08-06,5362.55,5187.96,5426.53,5166.84,21.32202727,334.746456716
801880,2015-08-07,5490.91,5418.43,5492.29,5367.55,22.89906455,367.27081810410004
801880,2015-08-10,5736.4,5549.35,5769.53,5490.91,27.62281465,436.44266480379997
801880,2015-08-11,5750.85,5744.11,5824.31,5712.18,30.5653647,479.99239245800004
801880,2015-08-12,5649.49,5686.0,5793.84,5649.39,24.52358245,394.1249594733
801880,2015-08-13,5797.06,5623.72,5797.06,5580.26,24.52006434,395.1047792975
801880,2015-08-14,5864.27,5831.27,5890.28,5795.43,27.66985862,464.8112657753
801880,2015-08-17,5965.67,5845.6,5973.03,5810.41,27.17624595,444.8384529126
801880,2015-08-18,5515.64,5995.98,6000.98,5486.62,33.68602322,530.185854854
801880,2015-08-19,5649.39,5331.18,5678.75,5204.16,30.25964932,450.5004384951
801880,2015-08-20,5405.4,5577.67,5627.91,5405.3,24.42461066,363.4619196302
801880,2015-08-21,5048.92,5298.02,5360.93,5038.31,20.7494463,297.16576497290004
801880,2015-08-24,4596.09,4806.02,4820.13,4592.94,17.30318201,224.7126712038
801880,2015-08-25,4222.85,4256.84,4433.64,4201.42,20.36517649,254.0969204275
801880,2015-08-26,4169.23,4226.93,4427.64,4056.24,29.59431816,365.15267819160005
801880,2015-08-27,4395.09,4253.16,4395.37,4133.53,23.81242564,299.90254330970004
801880,2015-08-28,4651.19,4478.35,4675.74,4412.66,26.70660761,346.8783932464
801880,2015-08-31,4552.38,4613.69,4615.98,4481.23,23.07951515,304.2461646516
801880,2015-09-01,4338.31,4478.11,4479.34,4248.42,20.32667653,247.4608922178
801880,2015-09-07,4233.81,4308.03,4437.71,4199.45,16.8232213,211.9729062257
801880,2015-09-08,4408.24,4211.1,4420.19,4154.89,14.41828751,179.6228801968
801880,2015-09-09,4572.31,4441.75,4596.33,4428.23,22.81795724,300.5135303134
801880,2015-09-10,4474.24,4495.72,4573.08,4460.8,16.34835958,217.8871621825
801880,2015-09-11,4496.33,4463.77,4528.03,4426.07,13.44485837,174.79860147029999
801880,2015-09-14,4238.87,4530.95,4546.75,4179.7,17.83804908,225.33436335049998
801880,2015-09-15,4025.61,4117.57,4201.91,4008.8,13.95431366,157.6431649115
801880,2015-09-16,4325.0,4044.03,4358.17,4028.14,17.30593181,199.9845020578
801880,2015-09-17,4235.1,4306.53,4446.95,4235.1,19.73661882,249.7741601754
801880,2015-09-18,4297.13,4271.65,4325.44,4228.3,13.24400592,177.405490057
801880,2015-09-21,4435.43,4253.06,4435.43,4231.3,15.3642306,205.7133597458
801880,2015-09-22,4456.56,4448.86,4507.47,4412.91,17.04329943,228.7555909829
801880,2015-09-23,4406.93,4377.14,4498.98,4363.2,16.42944725,229.1827599247
801880,2015-09-24,4458.44,4427.82,4469.92,4388.24,15.13719302,213.4986401181
801880,2015-09-25,4336.8,4438.64,4478.09,4302.42,16.0191313,204.89915823869998
801880,2015-09-28,4468.81,4342.66,4472.71,4314.54,13.30010343,171.89692759349998
801880,2015-09-29,4409.87,4395.83,4454.64,4363.72,13.12238265,172.0130405619
801880,2015-09-30,4475.44,4514.6,4546.37,4443.62,14.4801293,204.339688011
801880,2015-10-08,4656.53,4658.68,4707.83,4611.94,18.90121676,271.8894530773
801880,2015-10-09,4699.37,4653.95,4718.66,4629.18,17.47603269,244.1036518795
801880,2015-10-12,4863.98,4718.32,4917.32,4718.14,25.67443561,363.027373175
801880,2015-10-13,4911.46,4827.39,4927.41,4805.38,21.62520154,303.08234276310003
801880,2015-10-14,4805.59,4878.03,4909.54,4799.09,19.78808752,282.8732541018
801880,2015-10-15,4943.52,4784.03,4944.0,4783.96,20.16336286,281.07235631099996
801880,2015-10-16,5003.67,4989.96,5027.21,4909.34,23.35073259,332.2656307237
801880,2015-10-19,5134.6,5017.18,5134.74,4982.63,34.06148371,482.346335566
801880,2015-10-20,5151.27,5122.53,5151.27,5046.6,28.04355876,435.0488422957
801880,2015-10-21,4775.94,5144.47,5161.52,4759.63,32.03352542,474.69055684290004
801880,2015-10-22,4922.42,4755.32,4942.28,4726.19,23.70661471,373.5828371436
801880,2015-10-23,5045.49,4984.37,5066.65,4943.11,24.99368495,403.0740461503
801880,2015-10-26,5150.54,5113.93,5204.05,5052.66,29.16573493,490.59677464239996
801880,2015-10-27,5157.91,5098.33,5178.21,4936.89,25.69199751,388.7971169252
801880,2015-10-28,5091.02,5132.56,5231.96,5065.46,24.64352358,402.7026899536
801880,2015-10-29,5150.24,5135.37,5189.04,5074.64,20.58359844,306.2348879873
801880,2015-10-30,5117.03,5136.73,5186.59,5033.95,21.40213605,327.0114183641
801880,2015-11-02,4981.85,5005.09,5125.74,4981.85,18.34901636,279.5854407775
801880,2015-11-03,4983.71,4984.66,5032.32,4923.06,15.59978261,255.8945797637
801880,2015-11-04,5221.66,5006.4,5221.69,5006.33,22.48245104,365.41694193980004
801880,2015-11-05,5245.67,5237.32,5303.72,5210.89,28.69946865,446.6107418209
801880,2015-11-06,5372.77,5284.01,5379.36,5283.82,25.98128214,402.82215058279996
801880,2015-11-09,5476.69,5357.68,5516.03,5329.27,31.58757192,511.1530418424
801880,2015-11-10,5460.99,5428.19,5491.3,5390.83,26.32463716,430.0668561692
801880,2015-11-11,5514.7,5473.99,5519.2,5452.24,22.87247844,388.36730825029997
801880,2015-11-12,5563.09,5533.48,5601.26,5479.3,27.11285496,460.27276062059997
801880,2015-11-13,5563.82,5517.59,5667.52,5448.34,34.26856302,551.1878836502
801880,2015-11-16,5624.62,5456.82,5624.62,5456.82,24.69521945,393.5340336661
801880,2015-11-17,5574.85,5678.62,5702.36,5567.66,30.46814972,483.2361133686
801880,2015-11-18,5453.16,5595.51,5611.4,5436.17,21.78296597,349.8467054046
801880,2015-11-19,5580.14,5471.74,5580.14,5450.74,18.58781285,310.2040548109
801880,2015-11-20,5629.29,5590.1,5651.16,5572.37,22.72838123,374.2098964035
801880,2015-11-23,5581.96,5617.43,5663.01,5562.42,22.76819852,366.2725203062
801880,2015-11-24,5623.86,5577.34,5623.87,5511.85,17.56176472,294.2715538718
801880,2015-11-25,5725.22,5629.71,5725.43,5619.55,19.72443825,353.84026492370003
801880,2015-11-26,5725.42,5760.67,5793.4,5707.75,22.58468597,408.9366456004
801880,2015-11-27,5393.53,5695.86,5726.65,5351.47,25.81573364,447.0165055677
801880,2015-11-30,5446.49,5403.84,5465.87,5166.24,22.18806743,397.043643465
801880,2015-12-01,5445.38,5444.57,5501.02,5385.1,17.54922444,329.6413241322
801880,2015-12-02,5495.39,5436.93,5513.09,5345.72,18.83441306,335.0218814002
801880,2015-12-03,5598.2,5500.16,5598.2,5488.98,16.44073607,296.9398342741
801880,2015-12-04,5553.5,5574.42,5606.56,5508.95,15.96735797,295.865867943
801880,2015-12-07,5608.72,5567.75,5620.02,5524.84,14.58852481,269.0273262722
801880,2015-12-08,5488.5,5592.56,5592.57,5485.86,16.31628633,299.8569709131
801880,2015-12-09,5534.58,5465.51,5559.09,5461.63,15.33921401,296.627256965
801880,2015-12-10,5511.51,5535.64,5574.87,5494.31,14.10922131,260.14061966279996
801880,2015-12-11,5459.34,5499.53,5503.63,5438.98,12.16886975,216.32160774439998
801880,2015-12-14,5544.34,5404.47,5544.34,5395.7,12.02919479,211.21230679509998
801880,2015-12-15,5595.94,5548.52,5611.86,5548.41,13.24870966,244.25958449919997
801880,2015-12-16,5610.4,5613.74,5647.6,5595.09,13.9871999,260.2266583261
801880,2015-12-17,5736.14,5640.31,5736.14,5637.58,19.70028367,354.6462005849
801880,2015-12-18,5709.97,5722.28,5732.58,5665.63,16.90038836,319.7746958161
801880,2015-12-21,5788.66,5693.02,5800.15,5688.27,16.94711652,306.31095268
801880,2015-12-22,5841.28,5803.62,5841.28,5755.24,15.85443332,285.8159016773
801880,2015-12-23,5797.88,5851.2,5864.01,5785.79,17.63376992,325.0805677806
801880,2015-12-24,5783.34,5793.16,5815.76,5709.25,13.33643273,240.0532420113
801880,2015-12-25,5850.13,5803.63,5864.19,5794.06,13.47706894,260.2249391807
801880,2015-12-28,5738.19,5872.11,5901.85,5738.06,19.02765555,357.5290759322
801880,2015-12-29,5822.19,5728.02,5822.78,5699.53,14.21243262,267.44579381470004
801880,2015-12-30,5866.43,5833.78,5880.84,5813.39,16.62600169,309.7004832811
801880,2015-12-31,5779.62,5872.33,5880.92,5779.62,14.96361702,280.7357776704
801880,2016-01-04,5302.19,5765.06,5769.43,5297.42,13.15931395,221.2517362357
801880,2016-01-05,5231.89,5068.38,5340.9,5040.14,18.26213399,291.2577049451
801880,2016-01-06,5352.2,5251.5,5352.2,5225.88,14.19627643,232.7284116305
801880,2016-01-07,4910.03,5266.43,5305.67,4900.05,4.19394449,68.89081942760001
801880,2016-01-08,4988.6,5036.02,5093.45,4757.79,16.73907136,263.719358999
801880,2016-01-11,4650.15,4896.04,4942.88,4650.15,14.97992132,229.5696554421
801880,2016-01-12,4665.26,4662.06,4708.41,4563.52,12.81603224,190.7100102029
801880,2016-01-13,4518.42,4700.06,4736.9,4518.42,11.41309198,165.4802569585
801880,2016-01-14,4666.89,4388.41,4673.25,4386.0,13.44192438,187.13313358189998
801880,2016-01-15,4522.31,4631.94,4684.9,4495.69,12.27955558,174.39909865439998
801880,2016-01-18,4595.32,4439.77,4637.3,4438.56,11.20165298,160.260302445
801880,2016-01-19,4765.73,4596.71,4769.59,4586.09,13.39710901,200.12366237470002
801880,2016-01-20,4706.58,4732.87,4785.37,4666.04,13.0155852,200.8901551873
801880,2016-01-21,4538.66,4629.44,4749.39,4538.66,12.50425069,191.6942723832
801880,2016-01-22,4593.27,4594.17,4618.92,4466.45,10.6742993,158.64284855559998
801880,2016-01-25,4626.62,4630.68,4665.14,4581.82,10.13415785,149.5728455368
801880,2016-01-26,4299.25,4570.0,4583.88,4294.96,13.43237182,175.93693676689998
801880,2016-01-27,4249.55,4315.29,4331.95,4066.47,13.89454112,176.1539440107
801880,2016-01-28,4078.74,4205.58,4267.98,4074.19,10.53569742,135.0448931986
801880,2016-01-29,4235.22,4079.79,4270.48,4072.25,12.02807043,153.5165825626
801880,2016-02-01,4173.97,4221.87,4257.07,4117.97,10.46137288,132.86939683079999
801880,2016-02-02,4313.2,4182.91,4326.63,4182.66,11.25663398,143.3181650373
801880,2016-02-03,4329.71,4265.13,4345.38,4227.58,10.06377484,132.54870557590002
801880,2016-02-04,4408.74,4338.99,4430.49,4338.67,11.67732672,156.14624418629998
801880,2016-02-05,4359.82,4418.59,4425.08,4356.04,8.7210243,117.63444925799999
801880,2016-02-15,4355.04,4211.52,4379.96,4211.52,8.19323239,106.6868233711
801880,2016-02-16,4534.14,4377.45,4542.16,4375.43,13.10267387,175.4129643494
801880,2016-02-17,4602.15,4526.2,4602.15,4515.93,13.82985869,192.1501597039
801880,2016-02-18,4590.56,4632.43,4642.7,4578.81,13.89898849,193.333070935
801880,2016-02-19,4603.8,4582.68,4626.11,4561.93,10.98274661,159.4981486062
801880,2016-02-22,4708.0,4656.77,4720.79,4643.14,14.51758441,202.2098523037
801880,2016-02-23,4672.36,4717.77,4722.77,4618.13,13.26050152,187.3970237329
801880,2016-02-24,4727.97,4657.14,4727.97,4613.31,15.9259926,228.8623384047
801880,2016-02-25,4397.82,4737.69,4740.28,4374.85,19.54690906,280.3161123335
801880,2016-02-26,4431.55,4437.98,4469.93,4340.68,13.33373996,186.8151510184
801880,2016-02-29,4216.04,4414.31,4414.31,4152.46,13.33437477,168.6390420966
801880,2016-03-01,4281.81,4214.05,4311.69,4154.7,11.95760705,159.2841264581
801880,2016-03-02,4471.04,4275.47,4477.86,4275.47,14.86887734,197.7612021512
801880,2016-03-03,4474.23,4468.78,4533.43,4460.51,14.04151301,194.14372219880002
801880,2016-03-04,4420.39,4465.86,4519.23,4356.66,16.13034812,206.56640436290002
801880,2016-03-07,4470.95,4443.21,4508.16,4428.17,10.40637083,132.6898490829
801880,2016-03-08,4482.33,4462.48,4482.95,4313.52,11.43058318,143.8654193384
801880,2016-03-09,4400.38,4394.44,4432.8,4359.43,8.71197995,114.5808392082
801880,2016-03-10,4323.74,4388.84,4416.28,4321.04,8.38897319,121.81960358299999
801880,2016-03-11,4323.14,4290.66,4339.48,4263.66,7.33200251,100.6275302212
801880,2016-03-14,4448.7,4365.24,4492.34,4362.42,11.48704676,160.4849457972
801880,2016-03-15,4438.77,4438.52,4472.37,4411.78,9.93801648,141.7758414202
801880,2016-03-16,4403.35,4456.84,4469.03,4388.6,9.70569407,134.9667492691
801880,2016-03-17,4513.61,4422.91,4532.36,4413.98,13.26773585,186.2563485327
801880,2016-03-18,4665.38,4540.66,4680.76,4540.28,19.49763938,271.6002860869
801880,2016-03-21,4766.56,4733.35,4766.9,4712.26,20.96829608,296.3068562603
801880,2016-03-22,4764.77,4742.6,4793.57,4716.78,18.56141333,281.9165096438
801880,2016-03-23,4809.86,4744.47,4821.87,4735.06,17.73400076,258.1449228393
801880,2016-03-24,4831.27,4774.07,4904.57,4735.02,27.6171021,370.4521435258
801880,2016-03-25,4838.07,4815.61,4852.12,4784.16,23.47508069,309.4430820236
801880,2016-03-28,4804.57,4857.53,4890.86,4788.09,19.13384938,272.48359487880003
801880,2016-03-29,4730.91,4798.93,4810.47,4698.57,15.76420435,227.9409365407
801880,2016-03-30,4885.27,4765.25,4885.53,4764.77,17.83367845,270.7218527314
801880,2016-03-31,4914.71,4920.32,4963.07,4900.14,17.51432718,296.3741364087
801880,2016-04-01,4889.27,4892.81,4905.41,4801.23,15.75347978,252.46563342349998
801880,2016-04-05,5031.6,4922.85,5042.49,4922.85,19.47008626,318.325160526
801880,2016-04-06,5044.19,5031.9,5079.75,5000.09,22.28684405,351.81380863559997
801880,2016-04-07,5011.89,5055.58,5093.79,4982.34,21.15573647,352.4293445002
801880,2016-04-08,4965.67,4972.77,4991.43,4905.85,16.8313852,272.4134846601
801880,2016-04-11,5039.24,4998.16,5075.02,4997.93,18.24895596,312.6373000218
801880,2016-04-12,5018.74,5033.5,5045.79,4967.27,15.49436649,257.08429473580003
801880,2016-04-13,5065.13,5047.89,5126.72,5047.81,20.22264159,320.0906612388
801880,2016-04-14,5107.33,5097.84,5108.16,5055.03,14.59982532,237.1949262853
801880,2016-04-15,5130.43,5114.51,5140.44,5091.6,15.91105852,277.6495299562
801880,2016-04-20,4919.13,5132.53,5149.47,4803.37,22.98790188,362.06674178839995
801880,2016-04-21,4856.21,4882.8,4942.22,4850.56,13.99574659,226.2659424639
801880,2016-04-22,4889.14,4828.11,4889.25,4812.52,10.99958248,184.44540746919998
801880,2016-04-25,4861.97,4875.18,4875.18,4792.74,10.5847815,167.4385867444
801880,2016-04-26,4919.23,4856.88,4919.6,4851.28,10.15413103,162.8480381174
801880,2016-04-27,4912.61,4931.07,4971.45,4904.56,11.70075746,187.6810003993
801880,2016-04-28,4896.39,4911.85,4922.36,4813.06,10.99844355,170.3154907238
801880,2016-04-29,4913.69,4875.64,4936.91,4869.86,9.88948224,163.9394428735
801880,2016-05-03,5028.6,4909.01,5028.81,4886.09,14.45092849,235.0271765829
801880,2016-05-04,5035.68,5010.54,5073.55,5005.03,13.79967766,230.4549678176
801880,2016-05-05,5039.91,5024.16,5043.38,4993.22,12.18155695,209.96602063
801880,2016-05-06,4875.97,5043.94,5066.34,4875.97,17.27480574,284.8614005909
801880,2016-05-09,4709.94,4828.38,4828.38,4686.62,13.42925649,208.33636526259997
801880,2016-05-10,4688.36,4690.78,4726.27,4671.43,9.28421857,150.9447235199
801880,2016-05-11,4667.4,4714.47,4729.39,4653.54,9.50960415,148.68285658879998
801880,2016-05-12,4694.29,4618.05,4694.63,4560.74,10.33414577,153.0628194519
801880,2016-05-13,4663.37,4677.95,4722.0,4635.03,8.69607569,141.107950913
801880,2016-05-16,4735.63,4647.81,4735.65,4624.23,9.17596012,144.5581417439
801880,2016-05-17,4711.07,4734.43,4748.14,4700.62,9.58912448,153.5933958575
801880,2016-05-18,4619.94,4675.76,4675.87,4566.07,10.66959776,159.9628493789
801880,2016-05-19,4630.9,4615.25,4678.88,4615.01,8.69480732,139.2278251938
801880,2016-05-20,4677.49,4600.0,4678.06,4584.14,9.2645833,150.93696621709998
801880,2016-05-23,4740.34,4670.67,4743.91,4670.67,11.56872573,197.31696779619998
801880,2016-05-24,4732.4,4747.88,4757.11,4707.17,13.55374269,196.0727541013
801880,2016-05-25,4704.88,4756.63,4774.51,4684.97,11.55213991,176.45938598819998
801880,2016-05-26,4731.43,4696.31,4732.17,4622.13,11.73912744,196.85191319470002
801880,2016-05-27,4717.93,4716.25,4751.63,4704.17,10.84085435,188.05690089240002
801880,2016-05-30,4694.45,4692.63,4730.78,4656.15,8.54478463,146.534026311
801880,2016-05-31,4863.73,4698.29,4864.31,4698.04,16.17425909,259.714627247
801880,2016-06-01,4886.84,4879.89,4919.59,4872.45,15.65567557,266.6531931034
801880,2016-06-02,4919.57,4881.75,4919.57,4870.57,13.7431454,227.32737599770002
801880,2016-06-03,4935.42,4922.16,4956.87,4902.39,14.59280848,257.0103956486
801880,2016-06-06,4941.24,4932.23,4950.82,4908.46,13.28045539,229.684389262
801880,2016-06-07,4974.35,4940.8,4977.73,4915.72,16.77652231,275.3651764307
801880,2016-06-08,4972.63,4959.38,5003.25,4924.24,17.0699072,286.81877996459997
801880,2016-06-13,4766.28,4904.21,4967.77,4766.28,18.5943947,302.3615291665
801880,2016-06-14,4793.81,4752.17,4793.81,4724.73,13.75699043,217.7231009108
801880,2016-06-15,4990.52,4745.16,5009.22,4739.66,20.09671365,326.5820273873
801880,2016-06-16,4995.6,4989.72,5045.66,4975.22,22.55426445,360.92207813019996
801880,2016-06-17,5003.8,5002.18,5042.08,4962.46,18.88842282,296.478035775
801880,2016-06-20,5027.16,5001.8,5032.49,4975.98,15.1187818,249.98969012669997
801880,2016-06-21,4970.66,5058.15,5081.59,4946.57,17.89307148,308.0957530353
801880,2016-06-22,5035.66,4964.61,5035.66,4954.23,14.52242939,243.19801485669998
801880,2016-06-23,4988.57,5015.42,5021.62,4953.36,14.04125408,235.7334256925
801880,2016-06-24,4926.41,4979.52,5018.36,4796.5,17.53861484,296.85419022919996
801880,2016-06-27,5033.67,4896.86,5034.2,4896.86,15.79661744,272.2252510523
801880,2016-06-28,5078.68,5010.36,5078.68,5003.35,18.28078861,314.8480511714
801880,2016-06-29,5092.08,5090.13,5101.31,5066.7,15.47191482,270.4644036314
801880,2016-06-30,5090.89,5095.69,5106.2,5062.2,13.05798568,231.9085045749
801880,2016-07-01,5098.36,5098.0,5130.83,5083.84,15.00991901,258.6988141291
801880,2016-07-05,5214.52,5206.38,5221.6,5178.63,18.08629244,322.5667511862
801880,2016-07-06,5219.34,5201.34,5228.6,5183.47,15.44142061,274.3090471974
801880,2016-07-07,5234.54,5224.48,5252.25,5188.59,19.8968954,330.391904688
801880,2016-07-08,5183.43,5206.11,5212.74,5176.6,14.86129832,249.906281428
801880,2016-07-11,5164.09,5186.74,5213.21,5160.74,17.40665526,310.8476641839
801880,2016-07-12,5247.16,5157.76,5249.68,5098.81,19.47934355,311.5997676822
801880,2016-07-13,5264.95,5253.01,5282.39,5246.3,17.17698199,267.7029525853
801880,2016-07-14,5268.57,5260.7,5274.32,5234.45,15.07151317,229.63619055290002
801880,2016-07-15,5271.99,5274.38,5289.3,5241.62,12.79968589,224.8900579497
801880,2016-07-18,5271.82,5258.16,5306.15,5242.09,14.15949904,229.9584598296
801880,2016-07-19,5267.66,5265.15,5278.82,5218.88,11.30343736,186.31997032240002
801880,2016-07-20,5272.88,5266.25,5296.85,5262.22,11.24019823,190.54426394709998
801880,2016-07-21,5274.5,5275.52,5320.58,5248.21,13.20111083,214.507295365
801880,2016-07-22,5224.8,5278.9,5288.54,5217.84,14.09140281,222.35388778
801880,2016-07-25,5208.82,5221.36,5243.24,5185.72,12.6760752,203.8022068412
801880,2016-07-26,5298.98,5205.02,5299.14,5204.63,12.10198757,196.0412980164
801880,2016-07-27,5108.28,5291.02,5308.53,5031.69,21.279797,323.963128804
801880,2016-07-28,5158.4,5089.92,5211.05,5077.41,16.36921187,251.2876321526
801880,2016-07-29,5126.16,5153.68,5203.4,5119.44,11.91113062,180.0942371524
801880,2016-08-01,5032.79,5102.72,5102.83,4991.76,11.2519763,166.89926888879998
801880,2016-08-02,5073.46,5022.64,5074.04,5014.89,7.99266624,119.73137325969999
801880,2016-08-03,5098.28,5058.91,5106.41,5045.71,9.79620745,147.6446659017
801880,2016-08-04,5139.05,5096.14,5142.57,5095.97,10.72089948,166.0773632491
801880,2016-08-05,5089.37,5129.5,5130.26,5089.11,10.12384096,151.6504272312
801880,2016-08-08,5153.3,5083.33,5153.3,5046.37,10.45781012,151.7123391389
801880,2016-08-09,5184.5,5151.26,5185.03,5147.01,11.40923175,166.9455681076
801880,2016-08-10,5163.98,5181.12,5192.18,5154.0,11.53245573,175.00781517599998
801880,2016-08-11,5100.06,5152.78,5172.89,5100.06,10.34741368,158.8056649865
801880,2016-08-12,5153.02,5095.59,5153.38,5080.09,11.85340082,170.9847450455
801880,2016-08-15,5258.33,5153.84,5269.38,5153.84,16.62728742,246.9743355146
801880,2016-08-16,5278.82,5270.62,5299.6,5265.74,16.01614053,269.0740473614
801880,2016-08-17,5291.03,5276.91,5305.49,5270.62,13.85865414,238.9482197018
801880,2016-08-18,5264.74,5284.86,5292.21,5248.69,12.77407638,201.179746163
801880,2016-08-19,5264.11,5261.44,5275.17,5231.6,11.81371131,181.8721700841
801880,2016-08-22,5203.22,5265.47,5270.89,5202.0,11.61438742,174.3955751388
801880,2016-08-23,5213.22,5203.61,5225.62,5181.98,11.75769522,164.5878667886
801880,2016-08-24,5220.52,5220.12,5233.14,5201.24,10.43403986,152.9949208389
801880,2016-08-25,5171.0,5203.63,5203.98,5125.48,12.09567444,185.6604715711
801880,2016-08-26,5180.8,5184.57,5220.17,5169.6,12.15711403,182.8358260141
801880,2016-08-29,5183.41,5183.2,5192.4,5163.86,10.59194227,146.209476054
801880,2016-08-30,5190.33,5186.07,5203.98,5176.32,9.81199118,150.43748604450002
801880,2016-08-31,5179.12,5190.04,5191.25,5155.32,9.06753077,146.1988434585
801880,2016-09-01,5146.64,5178.82,5193.48,5146.64,10.44968402,156.2548477238
801880,2016-09-02,5138.14,5141.14,5155.3,5108.54,10.40337106,160.37860360530001
801880,2016-09-05,5162.55,5147.39,5182.98,5147.39,9.96122103,153.9690281407
801880,2016-09-06,5243.59,5164.39,5244.13,5136.8,13.63706567,196.76607261849998
801880,2016-09-07,5245.89,5245.19,5285.79,5240.72,13.4892138,204.8921582551
801880,2016-09-08,5263.58,5250.85,5267.0,5241.38,12.20784331,178.5543813917
801880,2016-09-09,5226.74,5262.62,5302.7,5226.53,14.90381533,210.5576175871
801880,2016-09-12,5098.44,5136.08,5150.32,5078.69,15.71462664,211.70542584220001
801880,2016-09-13,5120.86,5114.44,5128.04,5093.0,10.61011653,145.5497733323
801880,2016-09-14,5087.51,5093.23,5114.33,5070.1,8.92842479,124.23821612879999
801880,2016-09-19,5143.79,5099.78,5144.89,5099.77,9.17131414,128.5095686991
801880,2016-09-20,5141.28,5150.38,5151.13,5128.57,8.21601826,118.82553982600001
801880,2016-09-21,5161.63,5146.98,5174.62,5146.59,8.46090509,134.235411221
801880,2016-09-22,5202.83,5189.85,5213.34,5187.24,12.16811543,172.39374857040002
801880,2016-09-23,5192.91,5208.19,5212.34,5191.71,11.11247507,161.33599294409998
801880,2016-09-26,5094.21,5184.97,5189.04,5093.44,12.07704327,174.3605533114
801880,2016-09-27,5130.99,5081.49,5131.46,5065.59,9.83926249,138.87763187299998
801880,2016-09-28,5142.89,5139.39,5148.41,5117.68,9.51418033,137.4879589738
801880,2016-09-29,5153.05,5145.42,5169.72,5145.11,9.62655993,135.8573833444
801880,2016-09-30,5181.88,5142.66,5186.14,5142.66,8.44591198,113.8639962847
801880,2016-10-10,5301.0,5216.21,5301.0,5216.19,12.96893726,186.84944356740002
801880,2016-10-11,5317.06,5306.48,5317.37,5292.72,13.75602137,183.34124356110001
801880,2016-10-12,5302.0,5302.14,5304.26,5278.32,12.60088407,170.69523283819998
801880,2016-10-13,5303.04,5299.55,5311.53,5285.05,12.43168518,160.1779908247
801880,2016-10-14,5284.74,5288.47,5289.57,5250.95,10.20712892,137.0957212752
801880,2016-10-17,5235.9,5296.55,5296.55,5217.16,12.08181837,168.3431923065
801880,2016-10-18,5319.03,5228.6,5319.03,5228.51,14.17568131,190.5964651097
801880,2016-10-19,5318.05,5323.87,5333.86,5306.47,16.78708651,210.5513833338
801880,2016-10-20,5323.12,5313.63,5333.94,5302.59,15.69608119,196.5423962523
801880,2016-10-21,5309.94,5319.82,5329.3,5262.48,12.98157503,178.9942892148
801880,2016-10-24,5353.29,5310.48,5366.14,5310.37,13.60856859,197.508969793
801880,2016-10-25,5389.98,5363.38,5389.98,5358.72,15.71243999,221.4580872259
801880,2016-10-26,5359.77,5389.58,5389.58,5346.51,14.66020658,215.6006720265
801880,2016-10-27,5355.92,5354.4,5362.27,5334.94,12.87426506,182.89343347209999
801880,2016-10-28,5309.85,5356.04,5364.81,5308.47,14.34805803,215.29493131779998
801880,2016-10-31,5329.81,5294.62,5332.34,5282.56,11.64788064,173.0176757122
801880,2016-11-01,5379.52,5339.83,5379.52,5332.23,12.04788405,194.9177067867
801880,2016-11-02,5351.02,5367.06,5388.99,5349.02,14.38631464,221.35804202990002
801880,2016-11-03,5382.57,5336.22,5411.28,5335.54,16.66498408,254.414463332
801880,2016-11-04,5376.26,5377.49,5403.01,5362.48,14.59319908,223.1210557137
801880,2016-11-07,5371.35,5376.57,5386.47,5356.01,12.46484574,190.2672823877
801880,2016-11-08,5415.87,5391.35,5416.95,5381.24,15.17727779,209.7600008324
801880,2016-11-09,5353.58,5409.54,5409.73,5292.63,17.75145086,249.09814718869998
801880,2016-11-10,5439.9,5389.99,5439.9,5372.18,17.11584586,245.2690224196
801880,2016-11-11,5435.79,5435.63,5440.67,5420.2,15.65201023,230.3078378203
801880,2016-11-14,5444.95,5437.02,5459.76,5425.54,17.30220993,224.6219112435
801880,2016-11-15,5464.06,5447.3,5464.06,5432.04,16.04948596,192.87872443900002
801880,2016-11-16,5465.49,5469.26,5477.98,5460.05,13.58936342,192.72915643209998
801880,2016-11-17,5463.01,5460.32,5469.42,5431.04,12.53818706,185.4435265544
801880,2016-11-18,5441.13,5460.88,5476.86,5438.06,10.5125331,162.458628445
801880,2016-11-21,5463.8,5434.56,5479.9,5434.55,12.40775794,183.6174152005
801880,2016-11-22,5500.5,5469.84,5500.55,5463.03,15.17425869,217.4251282023
801880,2016-11-23,5478.64,5504.47,5522.48,5469.03,15.53057506,217.9631271294
801880,2016-11-24,5487.57,5473.73,5523.54,5469.14,16.12781444,234.9062221723
801880,2016-11-25,5503.66,5489.11,5504.85,5417.75,13.78177889,204.30043870240002
801880,2016-11-28,5487.59,5516.83,5526.48,5479.78,12.56654861,191.9245184577
801880,2016-11-29,5501.18,5483.05,5581.04,5478.43,17.19001819,260.07610102169997
801880,2016-11-30,5467.47,5485.02,5485.02,5448.04,13.15194989,190.8606321787
801880,2016-12-01,5536.0,5475.65,5536.0,5475.55,14.58956656,217.0232320352
801880,2016-12-02,5454.81,5533.03,5543.69,5451.11,15.26144111,214.6500727941
801880,2016-12-05,5406.08,5402.68,5442.82,5387.71,11.98262871,175.68124180619998
801880,2016-12-06,5423.94,5411.73,5441.99,5411.37,9.97344412,147.4405448864
801880,2016-12-07,5473.35,5429.05,5473.35,5417.37,10.90011774,160.3473433233
801880,2016-12-08,5461.41,5480.04,5489.04,5456.4,11.67982156,179.3111395418
801880,2016-12-09,5439.3,5455.4,5460.36,5428.11,10.34725551,157.778828165
801880,2016-12-12,5212.33,5436.36,5441.61,5207.09,16.96397917,242.2159923883
801880,2016-12-13,5244.97,5191.45,5264.35,5167.27,11.59333107,174.1430502237
801880,2016-12-14,5190.51,5241.72,5248.37,5187.03,10.44928878,159.6172947961
801880,2016-12-15,5180.21,5177.26,5222.4,5152.11,11.36253879,162.99947513290002
801880,2016-12-16,5245.01,5189.16,5251.41,5188.7,11.52582349,165.9106873781
801880,2016-12-19,5234.69,5254.84,5256.54,5222.22,11.26267912,162.45517828299998
801880,2016-12-20,5225.31,5234.81,5237.6,5201.85,10.47383327,148.0036978066
801880,2016-12-21,5268.4,5235.84,5270.32,5235.39,12.09809217,176.3155284996
801880,2016-12-22,5308.96,5271.42,5314.7,5248.76,15.21570496,192.4438543363
801880,2016-12-23,5241.36,5309.45,5309.77,5235.52,14.5553638,186.4558660953
801880,2016-12-26,5258.7,5221.15,5258.7,5171.49,11.00254022,149.5911748435
801880,2016-12-27,5260.97,5256.91,5282.13,5255.26,10.38171621,148.8163424976
801880,2016-12-28,5237.66,5262.41,5268.14,5228.59,10.01780888,145.1285929255
801880,2016-12-29,5221.38,5226.58,5250.06,5215.58,9.53190047,139.9264081122
801880,2016-12-30,5228.7,5221.26,5239.92,5208.78,8.82179567,128.6041454132
801880,2017-01-03,5271.78,5237.1,5281.83,5236.54,9.33741984,131.4962808285
801880,2017-01-04,5353.27,5282.56,5353.27,5280.71,14.84355867,205.6233684409
801880,2017-01-05,5352.67,5358.14,5368.28,5349.09,13.2902015,207.6412405481
801880,2017-01-06,5335.8,5358.91,5364.43,5328.91,16.10002094,259.6871605024
801880,2017-01-09,5374.57,5338.54,5374.57,5326.98,15.43894945,243.7514720254
801880,2017-01-10,5351.91,5371.84,5376.8,5348.66,15.49212812,246.5190929352
801880,2017-01-11,5288.55,5336.02,5351.55,5288.55,13.0338885,216.5809166819
801880,2017-01-12,5235.73,5281.93,5299.47,5235.52,11.24096509,186.8428575232
801880,2017-01-13,5202.33,5235.9,5245.17,5193.26,11.33489177,182.09316898240002
801880,2017-01-16,5106.14,5194.37,5194.37,4995.86,17.42218971,247.9535996118
801880,2017-01-17,5146.53,5089.76,5149.68,5052.83,13.40732249,207.2582089126
801880,2017-01-18,5160.05,5141.56,5178.08,5135.78,13.01458536,207.9497710375
801880,2017-01-19,5152.79,5147.57,5186.58,5135.77,13.06249756,197.9963655023
801880,2017-01-20,5221.55,5146.37,5228.86,5145.92,12.30434316,195.6290836618
801880,2017-01-23,5257.09,5228.66,5274.81,5228.25,12.10337556,194.1917457508
801880,2017-01-24,5259.48,5251.79,5272.36,5242.65,11.88775189,195.59039745
801880,2017-01-25,5275.52,5247.9,5283.97,5237.45,10.06685864,169.8704358909
801880,2017-01-26,5292.28,5278.31,5303.58,5275.61,8.88582743,149.818666844
801880,2017-02-03,5271.41,5288.8,5293.02,5256.99,8.85289769,148.2232364039
801880,2017-02-06,5341.09,5272.36,5341.09,5272.36,12.83522205,200.3649428528
801880,2017-02-07,5361.81,5333.13,5374.21,5332.98,12.84729062,212.9552067389
801880,2017-02-08,5396.51,5348.38,5396.51,5327.09,14.89718008,255.09826819830002
801880,2017-02-09,5413.12,5390.15,5420.5,5385.9,17.16349058,292.6719634407
801880,2017-02-10,5392.25,5404.51,5411.36,5380.85,15.24854816,256.1925021856
801880,2017-02-13,5418.57,5381.58,5419.16,5381.5,14.72097207,243.1752077964
801880,2017-02-14,5406.53,5417.23,5419.45,5383.16,13.13811045,222.7716113873
801880,2017-02-15,5339.9,5395.15,5405.08,5329.89,14.92448468,263.5747899643
801880,2017-02-16,5366.49,5333.19,5366.49,5327.15,14.39416474,225.3157058759
801880,2017-02-17,5330.92,5364.0,5379.62,5319.38,16.18661665,245.4644468187
801880,2017-02-20,5389.57,5331.13,5390.41,5330.1,15.23831209,233.5459470855
801880,2017-02-21,5439.71,5396.39,5439.71,5395.18,15.87301976,226.63092889
801880,2017-02-22,5472.79,5439.86,5472.9,5430.26,17.05143624,239.2167157718
801880,2017-02-23,5454.49,5469.54,5473.17,5425.37,14.27359527,219.3192468239
801880,2017-02-24,5457.27,5447.48,5459.78,5429.22,11.37371743,195.1157313423
801880,2017-02-27,5428.0,5461.68,5478.24,5422.33,12.88645938,224.6185559848
801880,2017-02-28,5454.04,5430.81,5454.04,5429.49,11.19538727,195.5509705244
801880,2017-03-01,5468.67,5450.03,5491.05,5446.3,13.64697431,224.3117624576
801880,2017-03-02,5438.98,5477.05,5482.22,5435.88,13.11710103,212.24342502419998
801880,2017-03-03,5473.28,5432.9,5477.15,5426.54,13.2288032,216.1810694278
801880,2017-03-06,5514.92,5478.78,5515.59,5478.76,14.87112752,245.8324687025
801880,2017-03-07,5524.24,5515.7,5524.24,5494.67,14.27809976,226.8806801032
801880,2017-03-08,5490.07,5522.9,5523.81,5479.2,13.7958232,220.83244937580002
801880,2017-03-09,5452.93,5480.1,5480.19,5438.64,13.50345125,208.0207145707
801880,2017-03-10,5474.29,5448.03,5483.11,5448.03,11.355225,193.1059915512
801880,2017-03-13,5511.4,5472.22,5514.91,5445.47,13.2276585,227.504390457
801880,2017-03-14,5526.85,5528.9,5548.88,5507.57,13.43030818,236.2892089516
801880,2017-03-15,5530.73,5515.61,5538.81,5500.94,12.55505762,218.101666387
801880,2017-03-16,5567.44,5534.18,5567.44,5534.18,13.27835311,230.4294632268
801880,2017-03-17,5490.28,5567.64,5572.3,5487.03,15.95387136,272.5786649331
801880,2017-03-20,5486.23,5486.34,5494.7,5450.58,12.60088991,207.3125141503
801880,2017-03-21,5518.76,5489.76,5518.76,5481.07,11.55050018,200.2003714316
801880,2017-03-22,5486.28,5491.28,5507.64,5455.02,11.56153698,195.7661047823
801880,2017-03-23,5501.58,5491.11,5527.2,5450.98,13.06174323,237.7762152788
801880,2017-03-24,5542.17,5502.08,5542.21,5489.19,14.93634699,245.1634689684
801880,2017-03-27,5546.92,5544.61,5568.52,5534.34,16.48296105,267.0262468246
801880,2017-03-28,5529.44,5542.12,5551.2,5507.73,13.76024441,231.98734044740002
801880,2017-03-29,5495.33,5529.58,5536.04,5471.3,14.57127687,237.6335101802
801880,2017-03-30,5406.14,5492.15,5493.4,5391.2,16.95897758,268.7737150331
801880,2017-03-31,5458.92,5407.75,5459.06,5407.75,13.63073476,223.26654719209998
801880,2017-04-06,5578.16,5586.47,5588.2,5567.92,21.77085606,272.6591725375
801880,2017-04-07,5571.17,5575.41,5590.12,5555.05,19.03859895,266.7283057891
801880,2017-04-10,5543.38,5565.98,5576.75,5536.44,21.23155604,297.16255993650003
801880,2017-04-11,5609.01,5536.86,5612.65,5527.86,24.90203342,348.4218306557
801880,2017-04-12,5550.58,5591.03,5592.53,5544.11,25.73498994,303.6982937359
801880,2017-04-13,5570.41,5539.25,5591.97,5537.58,14.70233921,202.86822162529998
801880,2017-04-14,5497.88,5586.6,5586.6,5493.55,23.14652556,247.93504332540002
801880,2017-04-17,5407.43,5465.8,5465.92,5384.63,18.59112364,212.1593050725
801880,2017-04-18,5384.23,5409.86,5446.72,5384.23,14.55770111,189.1828595423
801880,2017-04-19,5337.11,5365.86,5369.98,5276.73,16.73970193,209.9208995453
801880,2017-04-20,5345.78,5332.54,5364.21,5303.32,16.17556791,208.5401897543
801880,2017-04-21,5328.33,5340.22,5357.28,5314.5,12.28395876,155.07420438399998
801880,2017-04-24,5215.16,5325.79,5325.79,5205.35,13.12903554,162.2434606028
801880,2017-04-25,5227.96,5221.21,5263.47,5218.78,12.11939969,143.7332795982
801880,2017-04-26,5274.1,5236.19,5281.54,5235.56,14.48520462,178.89356212759998
801880,2017-04-27,5273.44,5253.23,5284.98,5172.91,16.26628893,204.53264332330002
801880,2017-04-28,5269.48,5265.27,5269.48,5265.27,15.05513887,180.1864358675
801880,2017-05-02,5252.08,5250.83,5258.83,5228.05,13.45581873,165.5150987005
801880,2017-05-03,5250.13,5235.77,5258.39,5223.41,11.99788858,162.8177719459
801880,2017-05-04,5222.32,5229.75,5258.89,5199.24,16.13798306,166.9632391691
801880,2017-05-05,5166.66,5197.92,5212.08,5166.01,13.81249052,167.9459973734
801880,2017-05-08,5082.09,5152.18,5155.62,5080.61,12.65447686,156.8664382116
801880,2017-05-09,5066.85,5059.53,5072.31,5008.86,9.99366373,134.2667979178
801880,2017-05-10,4992.89,5065.63,5086.8,4992.89,11.61505489,143.3495160025
801880,2017-05-11,4991.44,4967.05,4994.91,4892.76,12.00417272,148.2101483351
801880,2017-05-12,5006.52,4989.21,5020.81,4971.25,11.08903461,132.41249063520002
801880,2017-05-15,5003.64,5003.86,5019.31,5002.13,8.47930962,113.0531006026
801880,2017-05-16,5101.29,4998.22,5101.29,4971.32,13.49543927,158.87184455370002
801880,2017-05-17,5121.46,5110.87,5164.29,5110.86,12.12780036,171.58960445879998
801880,2017-05-18,5090.01,5084.69,5120.28,5075.58,16.29078653,165.1876771225
801880,2017-05-19,5078.2,5079.77,5090.62,5054.69,10.88011794,119.5642405909
801880,2017-05-22,5022.9,5069.9,5087.99,4997.23,10.61720218,132.8337387649
801880,2017-05-23,4948.96,5016.06,5034.53,4945.1,12.65231217,162.3694452017
801880,2017-05-24,4963.71,4928.1,4963.71,4871.48,11.12414385,142.2445597111
801880,2017-05-25,4985.73,4954.06,4992.12,4912.69,11.92785087,148.2730940766
801880,2017-05-26,5007.63,4983.2,5026.76,4983.13,10.4956978,140.4930624491
801880,2017-05-31,5009.34,5048.62,5061.4,5005.0,10.46225765,161.7536722205
801880,2017-06-01,4939.23,4992.85,4995.37,4936.89,11.22119603,152.6103091742
801880,2017-06-02,4985.55,4923.82,4988.63,4899.12,10.40195224,133.52560172879998
801880,2017-06-05,4993.87,4994.05,5012.32,4984.11,8.78432962,126.7250575491
801880,2017-06-06,5029.59,4986.08,5029.94,4978.38,7.97999094,107.9641689612
801880,2017-06-07,5095.32,5018.36,5095.32,5018.0,12.93641204,171.5767513848
801880,2017-06-08,5134.02,5093.23,5140.4,5089.98,12.48909452,177.84638992759997
801880,2017-06-09,5155.48,5131.55,5163.58,5127.68,12.24834649,172.3095662066
801880,2017-06-12,5159.59,5143.55,5191.16,5138.19,13.05177651,190.12895925619998
801880,2017-06-13,5241.77,5153.42,5243.6,5153.42,12.48584605,182.408254536
801880,2017-06-14,5211.24,5226.4,5255.06,5203.63,13.77869758,197.03740640430001
801880,2017-06-15,5224.58,5204.47,5227.63,5182.44,13.28140352,182.79186125529998
801880,2017-06-16,5164.89,5189.59,5202.05,5156.41,10.64906329,151.6919582436
801880,2017-06-19,5202.43,5161.09,5205.5,5156.93,9.88997528,137.32909896459998
801880,2017-06-20,5200.16,5220.32,5236.05,5190.98,12.46674032,180.0918752589
801880,2017-06-21,5253.7,5219.99,5253.7,5197.28,11.92647149,186.079938422
801880,2017-06-22,5196.25,5249.64,5265.19,5193.94,14.42931124,212.08428176990003
801880,2017-06-23,5221.74,5183.32,5221.74,5144.5,12.01113419,179.2631645275
801880,2017-06-26,5322.93,5224.3,5323.2,5224.3,13.27383288,212.3642388905
801880,2017-06-27,5334.07,5317.33,5339.19,5302.02,12.39882111,185.9232586153
801880,2017-06-28,5283.0,5310.66,5315.6,5279.17,11.22063733,163.6905623188
801880,2017-06-29,5302.46,5284.34,5304.48,5279.11,9.14200875,146.16455919959998
801880,2017-06-30,5315.59,5285.66,5316.48,5275.11,9.43038432,145.5935289696
801880,2017-07-03,5314.24,5315.92,5318.82,5275.54,11.77630005,165.6515767477
801880,2017-07-04,5310.02,5320.65,5321.42,5291.81,12.44405685,173.5611138567
801880,2017-07-05,5361.93,5302.7,5362.57,5288.02,13.2423319,190.91386190650002
801880,2017-07-06,5403.32,5363.66,5404.64,5351.96,15.7171776,235.6585200154
801880,2017-07-07,5398.06,5389.38,5405.4,5382.52,15.29757144,219.05820507220002
801880,2017-07-10,5335.62,5380.17,5380.18,5329.21,15.12741061,214.1932465398
801880,2017-07-11,5302.36,5328.77,5349.8,5302.36,13.46246738,188.55387285220002
801880,2017-07-12,5262.6,5294.84,5308.46,5212.94,13.45581551,186.51854467009997
801880,2017-07-13,5247.34,5264.26,5274.19,5235.49,10.693251,159.0377625574
801880,2017-07-14,5253.66,5237.06,5254.87,5216.41,10.33095291,150.4001694915
801880,2017-07-17,5077.85,5226.25,5230.84,5042.29,16.70031147,216.4745963051
801880,2017-07-18,5087.12,5054.1,5087.38,5025.72,11.05376094,146.4885268217
801880,2017-07-19,5150.38,5077.2,5153.71,5069.23,13.48028394,181.6500438675
801880,2017-07-20,5182.09,5144.01,5184.94,5142.64,13.38451632,185.4733876306
801880,2017-07-24,5216.75,5176.73,5225.27,5168.57,15.57087437,205.7732013605
801880,2017-07-25,5198.11,5212.26,5215.68,5178.95,12.47156291,169.35092746799998
801880,2017-07-26,5137.11,5196.9,5201.51,5110.86,13.28063234,187.63810044119998
801880,2017-07-27,5166.99,5124.79,5168.07,5096.66,12.99091157,176.5941128602
801880,2017-07-28,5169.28,5157.7,5181.09,5153.91,10.77295079,139.9212921349
801880,2017-07-31,5176.56,5171.35,5185.18,5153.63,12.6760201,157.5689921609
801880,2017-08-01,5199.95,5180.44,5200.03,5168.93,16.17646179,184.1401811636
801880,2017-08-02,5143.14,5194.33,5195.57,5139.51,14.74803584,175.0064632582
801880,2017-08-03,5127.07,5140.98,5140.98,5115.63,12.99110976,160.0412196621
801880,2017-08-04,5113.15,5122.61,5132.31,5101.28,14.18292729,169.6517521907
801880,2017-08-07,5137.83,5095.2,5140.64,5089.35,10.561401,121.74686878780001
801880,2017-08-08,5117.68,5137.52,5138.47,5106.45,11.58663121,136.40696942559998
801880,2017-08-09,5136.4,5112.99,5142.91,5101.04,11.13987494,130.5625257495
801880,2017-08-10,5101.35,5127.88,5136.86,5068.28,12.0755895,140.107991685
801880,2017-08-11,5030.79,5065.36,5075.11,5026.54,13.09822743,149.1970192324
801880,2017-08-14,5087.43,5028.81,5092.43,5028.81,9.91782607,117.24528680969999
801880,2017-08-15,5102.31,5090.53,5107.71,5078.72,9.51544237,119.7307886631
801880,2017-08-16,5115.01,5103.88,5115.77,5078.06,11.18897515,140.7517600791
801880,2017-08-17,5145.05,5113.77,5146.07,5107.44,13.43947406,161.0291451198
801880,2017-08-18,5149.72,5117.93,5150.83,5109.61,12.72675782,152.4332495006
801880,2017-08-21,5181.26,5150.17,5181.26,5148.81,12.06737899,149.339224033
801880,2017-08-22,5173.8,5180.8,5183.22,5156.43,11.83008141,149.781353827
801880,2017-08-23,5155.15,5168.23,5179.95,5143.06,10.88599609,134.6984649025
801880,2017-08-24,5142.94,5158.01,5161.99,5132.26,10.13517105,131.7488165215
801880,2017-08-25,5187.29,5145.64,5190.13,5143.08,11.55002131,148.4779632592
801880,2017-08-28,5229.54,5194.71,5239.09,5187.17,14.34044713,202.3235322479
801880,2017-08-29,5208.1,5224.56,5227.58,5203.28,13.02070561,192.07657205560002
801880,2017-08-30,5200.08,5216.42,5224.46,5195.37,11.18387293,163.0442166484
801880,2017-08-31,5211.13,5206.37,5215.02,5181.43,12.9368792,189.39103873759998
801880,2017-09-01,5212.28,5211.9,5217.98,5198.8,12.16647967,177.97110581060002
801880,2017-09-04,5238.49,5207.6,5238.59,5193.63,13.7852688,190.7764245973
801880,2017-09-05,5238.24,5236.68,5251.08,5230.12,12.63700749,169.6427127167
801880,2017-09-06,5268.9,5231.31,5268.9,5224.87,13.55619857,191.9808668254
801880,2017-09-07,5259.51,5268.0,5291.92,5256.72,15.36566117,209.2546170374
801880,2017-09-08,5265.97,5257.19,5277.23,5242.74,12.26847455,172.4772771515
801880,2017-09-11,5363.05,5300.46,5363.95,5267.63,16.88446376,241.40596756419998
801880,2017-09-12,5430.8,5377.76,5497.45,5366.18,28.64898531,373.0033745529
801880,2017-09-13,5420.38,5417.44,5420.38,5388.54,18.63635858,233.1548776177
801880,2017-09-14,5407.11,5431.78,5443.16,5381.78,18.54565513,227.70837858919998
801880,2017-09-15,5380.52,5400.73,5407.11,5354.1,17.22100333,215.0593248833
801880,2017-09-18,5492.4,5379.4,5492.4,5379.4,21.30239943,275.7200425834
801880,2017-09-19,5449.02,5494.95,5494.95,5434.02,18.2075389,233.5840200473
801880,2017-09-20,5506.16,5437.55,5528.6,5436.24,17.95284149,250.86867606319998
801880,2017-09-21,5485.28,5504.92,5527.89,5483.57,18.33701592,259.3687508062
801880,2017-09-22,5496.52,5471.82,5501.59,5465.98,17.44542914,235.8199197964
801880,2017-09-25,5420.04,5481.14,5482.7,5412.28,15.6443088,206.3640102379
801880,2017-09-26,5457.94,5409.74,5457.94,5409.74,13.85457887,195.81584130439998
801880,2017-09-27,5516.22,5464.88,5538.86,5461.04,15.20997613,212.9552534411
801880,2017-09-28,5535.69,5507.24,5553.52,5507.06,17.47266627,224.5967149198
801880,2017-09-29,5572.81,5539.69,5582.89,5531.08,17.10158284,221.81154430680002
801880,2017-10-09,5708.87,5663.55,5727.32,5608.82,24.46073715,322.4736580819
801880,2017-10-10,5691.43,5704.04,5721.87,5647.38,20.53713549,286.3207494537
801880,2017-10-11,5664.6,5686.58,5701.74,5660.06,25.1428375,318.0495330421
801880,2017-10-12,5669.23,5662.0,5674.93,5626.69,19.71002558,259.24087926
801880,2017-10-13,5667.57,5659.86,5680.7,5647.42,15.4749003,208.7751094223
801880,2017-10-16,5572.14,5676.04,5677.13,5568.03,18.68547064,240.43896334040002
801880,2017-10-17,5567.41,5563.67,5583.43,5542.68,10.34766703,145.3106414053
801880,2017-10-18,5569.51,5576.95,5599.63,5553.02,12.92272907,179.3597551291
801880,2017-10-19,5545.92,5572.26,5586.45,5533.55,14.50733625,186.25608983740003
801880,2017-10-20,5602.02,5540.91,5602.93,5531.63,12.64642666,170.0994585467
801880,2017-10-23,5593.07,5612.15,5616.41,5578.97,13.49674029,193.6194971058
801880,2017-10-24,5592.59,5584.84,5601.87,5554.38,13.07702783,196.5977344735
801880,2017-10-25,5651.94,5598.27,5654.75,5593.11,12.69160656,204.3884964562
801880,2017-10-26,5652.58,5634.91,5686.31,5617.58,15.62468699,257.0164951679
801880,2017-10-27,5631.81,5647.39,5673.95,5622.11,14.29091002,216.2736028275
801880,2017-10-30,5529.1,5621.9,5625.07,5484.4,16.30686485,232.05984147040002
801880,2017-10-31,5532.0,5528.85,5532.04,5486.29,13.34069356,206.8041570605
801880,2017-11-01,5513.02,5539.55,5556.91,5502.79,14.16805788,231.5404417574
801880,2017-11-02,5457.3,5503.61,5503.77,5439.21,12.71439776,194.3268388543
801880,2017-11-03,5414.03,5448.79,5458.68,5380.86,12.43761157,177.2568110956
801880,2017-11-06,5483.98,5425.05,5483.98,5410.42,12.19778873,182.3012166224
801880,2017-11-07,5501.91,5481.24,5520.79,5471.14,12.31912065,195.80795556599998
801880,2017-11-08,5532.16,5505.69,5572.51,5499.82,15.45592122,237.6057658148
801880,2017-11-09,5578.38,5536.88,5578.5,5533.94,13.52059857,197.09000459840001
801880,2017-11-10,5624.38,5576.95,5636.24,5575.32,15.88305743,234.01356512360002
801880,2017-11-13,5652.54,5630.16,5664.99,5627.24,14.14046898,227.37764214
801880,2017-11-14,5595.37,5655.44,5661.64,5574.93,13.27498785,215.91179346220002
801880,2017-11-15,5506.86,5584.52,5584.64,5490.35,12.72256099,203.7313692345
801880,2017-11-16,5486.26,5493.27,5504.05,5462.43,10.64274526,165.8236042271
801880,2017-11-17,5407.27,5491.74,5505.91,5400.61,14.87815765,218.4420701456
801880,2017-11-20,5425.49,5384.34,5425.61,5293.98,11.29225191,178.0741088304
801880,2017-11-21,5457.47,5402.58,5477.18,5400.6,11.34893511,201.1330509694
801880,2017-11-22,5441.01,5460.34,5476.51,5407.46,10.76367739,179.05706091439998
801880,2017-11-23,5271.37,5431.78,5432.33,5268.91,12.98774424,184.7107009518
801880,2017-11-24,5271.76,5255.12,5281.02,5224.85,9.54190616,145.8781796801
801880,2017-11-27,5186.9,5248.8,5249.01,5181.96,9.22865338,149.2964204951
801880,2017-11-28,5226.8,5173.09,5227.44,5172.82,8.00920834,119.5054147302
801880,2017-11-29,5209.41,5230.14,5233.99,5155.26,10.42941399,148.7781790452
801880,2017-11-30,5162.14,5187.51,5209.56,5146.34,8.21338678,118.7596743432
801880,2017-12-01,5202.43,5160.58,5202.86,5148.3,7.8210451,105.73709377770001
801880,2017-12-04,5142.14,5201.79,5203.46,5132.26,9.30562049,131.2232073216
801880,2017-12-05,5075.76,5127.04,5137.53,5063.71,11.68629876,164.1848946299
801880,2017-12-06,5078.27,5064.76,5080.33,5002.29,8.31842239,124.09151341729999
801880,2017-12-07,5050.8,5065.53,5079.46,5040.64,6.85725689,96.8528516138
801880,2017-12-08,5086.38,5050.71,5102.9,5047.99,7.55304579,110.5700765195
801880,2017-12-11,5173.97,5093.06,5174.23,5092.86,9.68874347,136.6113597186
801880,2017-12-12,5106.87,5176.0,5176.53,5106.45,7.9744857,112.80617120389999
801880,2017-12-13,5152.85,5103.95,5152.98,5103.95,6.77768725,96.91507174270001
801880,2017-12-14,5143.77,5158.64,5161.48,5120.0,7.88920794,105.8644871365
801880,2017-12-15,5103.63,5131.68,5142.26,5087.8,8.27710257,105.86550994049999
801880,2017-12-18,5099.02,5102.27,5119.79,5081.92,7.90797635,100.45089222680001
801880,2017-12-19,5129.66,5097.53,5129.66,5097.38,7.91238634,102.6560859393
801880,2017-12-20,5069.24,5128.72,5132.68,5069.24,8.30514724,106.3196190279
801880,2017-12-21,5089.27,5060.09,5102.49,5033.68,8.03828433,105.7583209818
801880,2017-12-22,5090.98,5089.8,5112.26,5086.23,6.79990057,91.6318737157
801880,2017-12-25,5066.7,5089.38,5104.38,5050.82,7.70743703,103.9555577722
801880,2017-12-26,5119.01,5069.12,5119.73,5062.92,8.36763991,115.0032883967
801880,2017-12-27,5158.66,5122.7,5198.22,5105.25,12.04404704,160.70576618799998
801880,2017-12-28,5163.51,5154.52,5184.12,5144.21,11.9254995,162.327738087
801880,2017-12-29,5201.43,5163.15,5201.89,5146.97,10.30966069,137.0876824319
801880,2018-01-02,5226.96,5198.93,5227.42,5193.12,10.89588704,148.9263404398
801880,2018-01-03,5256.19,5215.8,5265.77,5206.79,13.20342719,169.6479243416
801880,2018-01-04,5242.3,5253.45,5257.89,5230.82,10.50898125,144.5875728797
801880,2018-01-05,5225.25,5239.04,5239.37,5212.55,9.39314624,129.7355574065
801880,2018-01-08,5284.09,5249.38,5284.15,5249.38,12.50621376,174.61497037459998
801880,2018-01-09,5274.76,5287.61,5288.47,5260.12,11.23738918,156.86301583559998
801880,2018-01-10,5264.66,5277.01,5277.88,5228.75,11.005937,165.51822494430002
801880,2018-01-11,5256.6,5251.81,5256.78,5224.08,9.12007924,134.2216174814
801880,2018-01-12,5264.07,5252.31,5281.12,5247.59,11.52869338,163.596292982
801880,2018-01-15,5143.47,5257.06,5257.18,5131.55,12.22848305,174.99040170470002
801880,2018-01-16,5141.25,5137.63,5178.72,5126.15,10.96810658,169.6548766578
801880,2018-01-17,5137.11,5141.91,5142.36,5088.05,11.24413654,173.32631110650001
801880,2018-01-18,5125.82,5139.96,5151.62,5112.06,9.27583356,147.0584644347
801880,2018-01-19,5129.0,5133.11,5163.96,5117.11,9.60366135,144.59076881389998
801880,2018-01-22,5197.46,5126.65,5199.25,5121.18,11.01961916,160.2525441852
801880,2018-01-23,5206.33,5201.58,5236.8,5194.1,10.28050345,147.1599433708
801880,2018-01-24,5206.71,5210.92,5212.79,5173.07,10.52641355,152.2931213022
801880,2018-01-25,5200.96,5200.46,5224.75,5183.81,10.65952069,157.5406748522
801880,2018-01-26,5191.86,5197.03,5207.52,5186.77,8.49118628,130.6211255972
801880,2018-01-29,5107.72,5189.93,5204.27,5104.72,10.43790231,147.4908147989
801880,2018-01-30,5093.38,5098.69,5114.3,5084.9,6.91025688,101.72264407530001
801880,2018-01-31,5021.3,5072.97,5073.35,4998.46,10.79420762,135.1270430741
801880,2018-02-01,4876.91,5017.49,5022.02,4864.02,13.49702986,168.7358053504
801880,2018-02-02,4878.95,4842.91,4881.86,4775.4,10.44423716,125.2545382601
801880,2018-02-05,4848.48,4813.21,4854.39,4801.56,7.67971051,101.8472286613
801880,2018-02-06,4687.25,4765.11,4779.89,4686.81,11.74764034,145.6686804487
801880,2018-02-07,4681.34,4749.29,4768.98,4611.05,10.14784669,123.2439032157
801880,2018-02-08,4699.28,4671.07,4716.62,4669.96,7.46679116,98.2640679126
801880,2018-02-09,4550.19,4598.46,4606.42,4473.87,10.21501703,121.5131264968
801880,2018-02-12,4653.68,4569.83,4664.0,4568.97,7.23660562,89.4383917081
801880,2018-02-13,4676.87,4677.01,4714.83,4675.72,7.75078093,88.6730536874
801880,2018-02-14,4703.16,4692.19,4709.13,4675.75,5.30835166,63.498489947299994
801880,2018-02-22,4790.13,4748.59,4793.95,4738.11,6.68401284,83.70686382310001
801880,2018-02-23,4797.29,4790.16,4804.55,4762.27,6.65547218,80.0527967428
801880,2018-02-26,4894.7,4833.41,4905.71,4828.69,8.99094279,118.98758425959998
801880,2018-02-27,4879.08,4902.49,4902.51,4864.46,8.52155963,118.80418588629999
801880,2018-02-28,4854.32,4854.56,4874.6,4816.73,7.73906811,107.07241983950001
801880,2018-03-01,4884.48,4826.56,4884.69,4814.71,8.39081336,107.3455685201
801880,2018-03-02,4892.44,4848.07,4896.77,4842.23,10.46486555,125.53015662780001
801880,2018-03-05,4917.21,4892.38,4917.32,4872.84,8.23653655,113.5761365884
801880,2018-03-06,4953.89,4926.28,4956.99,4916.75,8.91555661,121.73805811540001
801880,2018-03-07,4941.25,4948.76,4980.84,4937.24,8.58965323,123.4941061428
801880,2018-03-08,4971.28,4938.39,4971.82,4938.39,8.74826777,122.8835236722
801880,2018-03-09,5033.51,4972.03,5034.4,4972.03,10.39232589,147.6795722004
801880,2018-03-12,5108.59,5050.65,5109.3,5050.49,12.62266971,178.13981118639998
801880,2018-03-13,5088.88,5105.68,5129.4,5074.77,12.74042722,163.4959997123
801880,2018-03-14,5048.73,5074.52,5095.5,5045.57,10.39265081,140.4184516309
801880,2018-03-15,5035.34,5030.99,5051.2,5003.3,10.77404914,138.3881872358
801880,2018-03-16,5038.67,5033.11,5068.83,5030.64,10.78885164,132.8869579912
801880,2018-03-19,5038.61,5031.92,5046.39,5005.72,10.00994958,131.2942740751
801880,2018-03-20,5007.66,5006.15,5013.96,4975.84,10.44205584,138.14989643200002
801880,2018-03-21,4971.22,5006.02,5031.13,4957.4,12.19932962,164.3018390931
801880,2018-03-22,4947.81,4972.77,4985.85,4920.7,10.40115133,135.5373121565
801880,2018-03-23,4744.35,4806.48,4831.99,4671.3,15.96291019,192.0522702116
801880,2018-03-26,4737.52,4680.84,4738.27,4616.61,10.70614117,139.8027997304
801880,2018-03-27,4803.73,4783.91,4815.26,4763.57,14.89518508,164.21979768010002
801880,2018-03-28,4702.24,4725.29,4755.09,4691.44,13.32604315,170.6459452594
801880,2018-03-29,4736.4,4712.84,4747.55,4680.3,10.79903661,141.3296547973
801880,2018-03-30,4803.92,4759.94,4807.09,4759.31,10.50104117,141.699582652
801880,2018-04-02,4796.22,4806.2,4824.42,4784.65,12.00760368,166.8041854301
801880,2018-04-03,4737.49,4731.32,4746.4,4709.27,10.33118301,143.9266194091
801880,2018-04-04,4750.56,4760.14,4795.79,4744.48,9.38752564,138.4950765339
801880,2018-04-09,4765.8,4742.22,4777.81,4717.92,9.71848272,131.3881198011
801880,2018-04-10,4786.48,4766.36,4791.1,4734.66,13.7319999,174.4556938545
801880,2018-04-11,4774.36,4791.12,4792.35,4760.24,12.15542859,167.8794471382
801880,2018-04-12,4750.43,4770.65,4775.78,4740.48,10.54348541,150.1895014577
801880,2018-04-13,4759.61,4765.55,4781.53,4748.47,8.79870865,123.1027244925
801880,2018-04-16,4701.84,4751.23,4751.76,4678.66,8.57661243,114.09723658860001
801880,2018-04-17,4597.58,4708.69,4718.65,4592.71,8.75279145,112.89200985469999
801880,2018-04-18,4595.72,4623.97,4637.59,4499.52,9.4916466,128.55216700309998
801880,2018-04-19,4613.76,4584.06,4627.15,4569.92,7.5709806,103.42757724469999
801880,2018-04-20,4518.1,4605.43,4605.9,4516.08,7.86604782,104.83550906459999
801880,2018-04-23,4486.29,4506.93,4538.26,4450.96,7.00215894,95.32817006459999
801880,2018-04-24,4574.26,4478.18,4576.2,4476.91,8.10346857,115.1870921565
801880,2018-04-25,4566.91,4546.46,4579.53,4546.46,8.47855233,120.3106231901
801880,2018-04-26,4484.22,4567.68,4567.69,4478.69,7.84197639,102.113822862
801880,2018-04-27,4492.86,4484.65,4493.44,4442.06,7.85047781,107.8716417599
801880,2018-05-02,4481.54,4475.75,4506.76,4464.47,8.30261926,109.8929536449
801880,2018-05-03,4523.05,4486.73,4523.11,4450.72,8.91495437,111.10967603479999
801880,2018-05-04,4506.95,4514.72,4525.6,4502.94,7.5242653,99.9852801406
801880,2018-05-07,4565.55,4515.97,4566.32,4506.74,8.18772237,106.974006567
801880,2018-05-08,4619.89,4575.75,4620.71,4575.71,8.70881633,119.7502161803
801880,2018-05-09,4632.24,4622.1,4642.41,4614.48,9.47445812,137.6886956766
801880,2018-05-10,4659.63,4641.41,4660.11,4632.86,9.37340068,144.30575809020002
801880,2018-05-11,4652.48,4662.66,4675.07,4641.61,9.89164905,138.9497378704
801880,2018-05-14,4665.05,4652.26,4682.62,4651.92,8.99093331,139.9680065279
801880,2018-05-15,4704.68,4684.84,4704.75,4667.42,9.41156036,145.0676633294
801880,2018-05-16,4665.41,4690.84,4693.45,4661.25,9.44060985,152.77693192590002
801880,2018-05-17,4647.87,4666.4,4669.18,4641.22,8.17722489,132.47366038110002
801880,2018-05-18,4671.89,4641.4,4674.11,4620.9,7.79003682,122.9926493246
801880,2018-05-21,4728.38,4695.71,4749.9,4682.88,10.8542486,165.660121166
801880,2018-05-22,4751.37,4733.3,4751.37,4718.32,9.97043142,158.66892311729998
801880,2018-05-23,4741.47,4739.51,4800.62,4737.28,15.51921358,217.0643488367
801880,2018-05-24,4689.62,4728.7,4730.39,4686.55,12.84904735,196.8848140625
801880,2018-05-25,4709.54,4691.89,4736.95,4691.58,12.64204044,207.52003984360002
801880,2018-05-28,4683.81,4711.88,4720.81,4678.64,12.01577083,197.32588329790002
801880,2018-05-29,4663.07,4668.0,4689.1,4660.2,10.13276642,163.90211366399998
801880,2018-05-30,4522.83,4607.54,4608.87,4520.26,11.10611994,163.29115751129999
801880,2018-05-31,4611.83,4551.24,4611.98,4550.91,8.74208107,141.5601237683
801880,2018-06-01,4565.85,4599.53,4602.38,4535.25,8.50870156,135.4241803217
801880,2018-06-04,4578.56,4577.8,4594.77,4559.81,10.62518328,139.0161640192
801880,2018-06-05,4624.03,4576.45,4624.23,4563.64,10.04020135,152.4188556926
801880,2018-06-06,4622.24,4622.69,4628.69,4601.54,10.52869044,159.3601595091
801880,2018-06-07,4603.68,4630.51,4636.42,4602.27,9.45652755,144.74332961620001
801880,2018-06-08,4583.34,4604.47,4604.5,4554.49,9.57208254,141.5051997186
801880,2018-06-11,4579.79,4574.95,4593.37,4557.34,7.93798393,129.936577274
801880,2018-06-12,4647.23,4588.12,4658.19,4549.77,12.66464588,183.54281646689998
801880,2018-06-13,4609.9,4641.15,4652.69,4606.66,11.99653687,161.5428199662
801880,2018-06-14,4585.52,4590.87,4619.4,4570.74,8.57909248,115.01457116959999
801880,2018-06-15,4518.35,4586.03,4589.55,4482.83,9.65731483,122.59584166239999
801880,2018-06-19,4291.54,4449.33,4450.07,4243.4,14.68531797,167.8182359969
801880,2018-06-20,4299.78,4264.47,4324.53,4233.6,11.563266,135.57049388709999
801880,2018-06-21,4224.35,4299.24,4322.26,4221.72,11.28627216,131.3274426948
801880,2018-06-22,4259.02,4201.86,4267.05,4173.64,9.48569266,106.35711328030001
801880,2018-06-25,4235.86,4281.89,4292.57,4231.17,8.89982871,108.0060929274
801880,2018-06-26,4247.38,4198.53,4250.42,4178.17,9.48114971,114.1543627744
801880,2018-06-27,4248.2,4251.28,4300.89,4226.58,10.93843057,124.2319958285
801880,2018-06-28,4163.3,4225.87,4241.79,4160.78,10.42441265,121.13875566620001
801880,2018-06-29,4274.71,4166.95,4274.92,4162.44,11.8790741,133.75545489700002
801880,2018-07-02,4170.31,4272.15,4272.19,4142.23,12.10409939,141.4558624243
801880,2018-07-03,4175.9,4170.2,4186.17,4083.07,12.66831049,139.9663000079
801880,2018-07-04,4111.73,4160.63,4170.33,4102.92,10.60916169,119.3954063977
801880,2018-07-05,4050.55,4113.8,4146.64,4037.77,10.7252036,120.35599756090001
801880,2018-07-06,4066.61,4055.87,4101.94,3978.16,11.18116924,127.8668826898
801880,2018-07-09,4129.46,4071.98,4129.7,4071.51,9.04710723,111.2025960492
801880,2018-07-10,4160.43,4145.66,4165.7,4133.22,9.42674843,122.1748806125
801880,2018-07-11,4101.42,4121.62,4122.68,4052.82,10.68080721,128.6135976017
801880,2018-07-12,4160.53,4093.44,4184.74,4093.44,12.03410334,158.8231629323
801880,2018-07-13,4171.3,4171.32,4181.84,4156.02,9.60056393,132.78958164120002
801880,2018-07-16,4142.02,4151.63,4161.94,4118.51,9.04835484,109.5734488043
801880,2018-07-17,4091.8,4095.39,4095.69,4056.41,8.53798059,97.43785913010001
801880,2018-07-18,4080.1,4092.21,4120.19,4076.03,9.80736205,102.48990612719999
801880,2018-07-19,4025.85,4076.56,4088.79,4015.47,9.19677015,93.18526720690001
801880,2018-07-20,4069.37,4031.72,4077.19,4005.49,9.39167298,88.4708948325
801880,2018-07-23,4107.18,4067.62,4107.18,4061.31,9.95147217,95.43811979809999
801880,2018-07-24,4168.12,4110.69,4171.03,4110.63,14.51381753,141.5735873192
801880,2018-07-25,4189.79,4172.45,4197.36,4157.01,13.50325989,126.23605727459999
801880,2018-07-26,4164.29,4189.75,4193.68,4158.85,15.62234421,138.2809628696
801880,2018-07-27,4121.07,4154.12,4156.53,4119.29,12.35621623,114.1650685136
801880,2018-07-30,4102.92,4117.05,4129.73,4084.23,10.82972782,109.0036718937
801880,2018-07-31,4101.44,4095.95,4105.55,4076.17,8.72432989,91.93307020969999
801880,2018-08-01,4043.57,4119.01,4133.29,4043.35,10.00627026,99.1417818684
801880,2018-08-02,3929.88,4030.82,4031.26,3870.27,14.48789618,130.4595285765
801880,2018-08-03,3861.65,3921.99,3934.33,3861.61,9.95981999,106.42422265229999
801880,2018-08-06,3795.86,3859.61,3871.59,3772.93,10.73902944,97.90122794860001
801880,2018-08-07,3878.53,3804.95,3878.61,3769.17,10.00832356,94.9892255372
801880,2018-08-08,3806.6,3872.89,3882.97,3803.36,10.03125896,94.9785092674
801880,2018-08-09,3878.95,3789.75,3891.28,3783.48,9.98210858,91.2931926766
801880,2018-08-10,3894.73,3873.39,3897.94,3856.21,8.19876596,78.2212458975
801880,2018-08-13,3892.12,3854.53,3898.85,3833.34,8.47449129,80.6137943665
801880,2018-08-14,3901.01,3885.03,3906.39,3877.89,8.80953792,86.35456852440001
801880,2018-08-15,3819.7,3896.85,3898.05,3809.93,9.48644864,88.35949936959999
801880,2018-08-16,3768.85,3776.53,3821.12,3744.13,7.74024191,71.7802514504
801880,2018-08-17,3711.02,3795.64,3805.07,3707.7,7.38003375,66.62489894720001
801880,2018-08-20,3724.44,3716.51,3735.05,3651.51,7.90128928,75.85403239930001
801880,2018-08-21,3771.18,3732.17,3775.26,3727.42,7.01066429,70.1211236953
801880,2018-08-22,3744.45,3772.64,3773.0,3737.16,7.44486356,64.9642813081
801880,2018-08-23,3757.02,3756.51,3772.97,3730.33,7.17215164,67.2648067894
801880,2018-08-24,3758.7,3754.89,3773.88,3735.16,7.37774993,72.1074690082
801880,2018-08-27,3826.72,3761.61,3827.2,3761.09,8.69075856,84.55147515649999
801880,2018-08-28,3831.81,3828.92,3840.3,3815.91,7.35726541,76.2977630963
801880,2018-08-29,3814.24,3825.57,3833.39,3809.17,6.78405358,68.6914883606
801880,2018-08-30,3788.16,3809.46,3825.01,3786.93,7.96404301,78.1718962955
801880,2018-08-31,3757.9,3782.0,3786.97,3751.28,8.47005294,78.7200598199
801880,2018-09-03,3738.04,3748.21,3748.72,3704.81,7.703178,69.1023614939
801880,2018-09-04,3764.61,3735.73,3774.18,3730.83,7.32158703,66.8669854335
801880,2018-09-05,3689.27,3751.3,3757.36,3689.27,8.32436964,71.8335609331
801880,2018-09-06,3670.57,3681.55,3710.4,3660.68,7.20316744,61.8874052419
801880,2018-09-07,3685.87,3680.48,3724.05,3663.79,8.01243855,69.2872722329
801880,2018-09-10,3623.78,3682.36,3688.08,3619.66,7.57927113,66.7670558324
801880,2018-09-11,3617.45,3617.84,3632.16,3593.07,6.73569516,58.328370505200006
801880,2018-09-12,3622.79,3611.81,3640.41,3596.2,6.55538353,57.34912247850001
801880,2018-09-13,3656.01,3648.65,3659.63,3615.48,7.37721888,65.8733786551
801880,2018-09-14,3692.01,3681.5,3724.21,3681.22,10.94119089,97.2003655273
801880,2018-09-17,3625.36,3661.39,3662.16,3624.05,8.84379796,69.5351025522
801880,2018-09-18,3658.01,3603.61,3658.01,3596.78,7.85411717,66.2974944982
801880,2018-09-19,3705.19,3652.3,3720.45,3643.97,10.38717511,92.69842445459999
801880,2018-09-20,3689.2,3701.95,3710.24,3686.15,9.2900018,77.5581791316
801880,2018-09-21,3812.01,3704.43,3812.22,3703.61,13.20542337,118.2651000008
801880,2018-09-25,3818.91,3797.61,3829.61,3788.99,9.63675475,83.4608457378
801880,2018-09-26,3836.27,3823.61,3867.1,3823.39,10.01026311,96.048082395
801880,2018-09-27,3787.11,3835.71,3835.72,3785.29,9.51146231,85.0960855825
801880,2018-09-28,3870.83,3797.45,3870.83,3796.61,9.18519667,90.4631727902
801880,2018-10-08,3706.44,3794.68,3795.42,3703.32,10.58803251,98.7954123912
801880,2018-10-09,3708.04,3705.33,3737.45,3696.69,7.90582445,73.32249740600001
801880,2018-10-10,3694.97,3710.04,3720.19,3663.31,8.11443475,80.4555986953
801880,2018-10-11,3461.59,3585.01,3588.74,3438.96,13.14811279,110.6671069813
801880,2018-10-12,3452.21,3438.29,3478.07,3351.64,12.0168978,103.26550842
801880,2018-10-15,3360.14,3452.37,3455.66,3354.74,8.71555444,85.7541608099
801880,2018-10-16,3296.77,3356.19,3372.35,3285.2,9.04024288,80.1143718642
801880,2018-10-17,3319.16,3334.94,3347.79,3256.32,8.83048792,76.7443670355
801880,2018-10-18,3244.49,3303.82,3305.46,3244.38,8.78735042,73.1509862153
801880,2018-10-19,3306.39,3203.43,3309.36,3181.81,9.92622065,82.2280073611
801880,2018-10-22,3452.15,3327.47,3479.55,3326.68,13.73596705,119.38279821709999
801880,2018-10-23,3379.17,3450.04,3452.53,3357.85,12.20221811,103.1466073347
801880,2018-10-24,3360.56,3369.0,3400.05,3348.42,9.98006791,90.98193729299999
801880,2018-10-25,3363.49,3284.77,3364.41,3268.14,11.19785108,91.106240765
801880,2018-10-26,3369.55,3387.83,3415.68,3355.9,10.08673967,86.5190984777
801880,2018-10-29,3289.49,3366.16,3366.24,3272.49,9.03734271,76.7069563971
801880,2018-10-30,3341.97,3306.02,3357.97,3272.79,12.93376482,106.79141701959999
801880,2018-10-31,3362.21,3334.15,3382.74,3333.94,14.2419495,113.4110697834
801880,2018-11-01,3368.18,3374.78,3416.21,3361.81,13.41828389,120.8403599939
801880,2018-11-02,3463.67,3419.91,3463.67,3401.29,14.71986066,129.56344770729999
801880,2018-11-05,3473.15,3461.01,3502.68,3435.51,13.8740392,125.53405974409999
801880,2018-11-06,3465.03,3469.2,3469.83,3428.1,13.23750428,101.6816987964
801880,2018-11-07,3440.72,3462.71,3482.76,3433.74,14.16863286,114.6005784273
801880,2018-11-08,3448.65,3462.6,3472.24,3440.63,13.48748206,111.9194889876
801880,2018-11-09,3437.52,3432.47,3455.62,3418.52,11.48220031,100.915882774
801880,2018-11-12,3522.63,3426.7,3523.41,3426.7,16.3787116,127.5331720474
801880,2018-11-13,3558.12,3477.99,3577.72,3474.11,20.94370322,154.5826049341
801880,2018-11-14,3550.32,3555.74,3583.09,3539.06,18.16505339,140.9257153103
801880,2018-11-15,3574.71,3547.95,3574.71,3544.14,16.53724777,149.4403335966
801880,2018-11-16,3595.87,3580.89,3617.75,3568.24,19.11217413,172.0231941533
801880,2018-11-19,3616.24,3596.3,3616.42,3576.65,17.33734054,152.65174168389998
801880,2018-11-20,3545.09,3588.44,3599.64,3537.67,17.05980971,150.393372278
801880,2018-11-21,3551.26,3505.78,3554.43,3502.9,13.54565314,119.6433451664
801880,2018-11-22,3593.18,3558.62,3598.72,3558.03,15.96857317,135.858061843
801880,2018-11-23,3462.66,3582.46,3587.44,3452.68,16.90993305,135.9715124919
801880,2018-11-26,3448.3,3458.11,3476.72,3437.62,11.51803243,98.94188952399999
801880,2018-11-27,3473.63,3463.8,3490.13,3458.39,11.21097539,99.2863930516
801880,2018-11-28,3501.07,3471.03,3501.07,3424.36,11.79853168,101.14613651629999
801880,2018-11-29,3444.93,3514.61,3521.51,3441.84,11.79389906,100.39202738860001
801880,2018-11-30,3462.71,3436.63,3466.57,3407.1,10.61858642,90.50785645719999
801880,2018-12-03,3576.21,3536.78,3595.28,3524.97,18.88004738,155.6104464771
801880,2018-12-04,3592.4,3576.43,3601.33,3569.64,18.76629573,150.3645493846
801880,2018-12-05,3566.84,3526.41,3577.64,3517.82,14.49934322,121.6857371221
801880,2018-12-06,3505.9,3542.64,3549.78,3504.45,12.69733601,109.3736299731
801880,2018-12-07,3513.73,3513.87,3531.42,3505.61,10.31490148,89.5744786951
801880,2018-12-10,3462.34,3487.47,3490.45,3455.94,10.40385349,86.30055249520001
801880,2018-12-11,3484.43,3470.77,3488.62,3465.45,8.99043734,76.71968973979999
801880,2018-12-12,3533.0,3503.55,3541.46,3502.02,13.05308017,110.8041298415
801880,2018-12-13,3558.76,3541.62,3574.7,3521.64,13.89570801,118.1981394151
801880,2018-12-14,3496.13,3552.23,3555.75,3496.13,13.28698899,109.8702375826
801880,2018-12-17,3499.62,3489.16,3511.05,3460.76,11.23354247,103.5596273483
801880,2018-12-18,3482.85,3474.01,3508.61,3457.23,10.88951885,91.4124098125
801880,2018-12-19,3456.73,3486.0,3495.24,3452.92,9.46154442,86.8816152931
801880,2018-12-20,3452.33,3449.18,3468.05,3422.46,9.47386652,86.3792917977
801880,2018-12-21,3440.93,3438.99,3449.27,3408.48,8.91091808,80.5268883286
801880,2018-12-24,3463.73,3433.24,3463.73,3420.88,7.72698819,73.6631362866
801880,2018-12-25,3429.42,3435.54,3436.85,3353.87,11.03801528,94.209690132
801880,2018-12-26,3428.43,3425.82,3440.92,3414.37,9.37803475,92.52548942920001
801880,2018-12-27,3410.32,3469.78,3475.45,3399.01,10.98424095,106.5938979196
801880,2018-12-28,3415.07,3407.05,3429.24,3399.46,8.83287192,81.8866477153
801880,2019-01-02,3364.27,3416.14,3416.14,3353.52,7.19131998,64.74149214319999
801880,2019-01-03,3332.25,3359.58,3384.17,3329.05,9.60555102,85.6217553806
801880,2019-01-04,3384.43,3299.4,3385.06,3287.03,11.310771,97.4652684642
801880,2019-01-07,3433.44,3401.71,3435.45,3398.93,13.11167952,110.3545683011
801880,2019-01-08,3427.95,3432.12,3437.3,3414.77,11.64573481,94.8888063731
801880,2019-01-09,3487.01,3475.53,3549.41,3474.96,19.95131301,175.8747463324
801880,2019-01-10,3455.8,3479.33,3482.32,3450.01,15.22757017,118.3725517083
801880,2019-01-11,3484.0,3451.88,3486.73,3451.4,13.44270884,100.2629196103
801880,2019-01-14,3465.27,3486.91,3492.99,3460.78,14.0273228,111.5883444694
801880,2019-01-15,3492.94,3460.55,3494.53,3449.86,12.68964358,105.9468273797
801880,2019-01-16,3499.63,3493.58,3507.55,3483.01,12.65504032,103.5609738152
801880,2019-01-17,3468.65,3494.23,3501.03,3467.69,12.73306268,101.15514147959999
801880,2019-01-18,3484.78,3477.02,3484.79,3450.44,11.27628608,96.6951880159
801880,2019-01-21,3517.22,3489.33,3526.2,3489.33,10.25057737,98.387317377
801880,2019-01-22,3480.59,3519.92,3519.98,3471.34,11.43609537,93.65954200040001
801880,2019-01-23,3506.73,3471.07,3513.32,3471.07,12.82618151,109.0665178911
801880,2019-01-24,3513.3,3511.13,3525.94,3479.95,12.04410115,110.2842330697
801880,2019-01-25,3536.27,3515.13,3562.36,3508.42,13.31617428,114.91164238290001
801880,2019-01-28,3508.9,3547.45,3577.75,3507.52,12.37281389,111.23188469
801880,2019-01-29,3470.65,3511.58,3512.04,3417.31,12.41600886,103.9684866034
801880,2019-01-30,3425.12,3450.33,3464.32,3424.72,9.35971412,80.6278057392
801880,2019-01-31,3396.25,3416.72,3442.49,3381.37,11.7503777,91.1132504264
801880,2019-02-01,3461.62,3406.92,3461.62,3405.91,12.01769704,79.56678794279999
801880,2019-02-11,3535.74,3467.27,3536.19,3466.97,11.52164051,92.7937553654
801880,2019-02-12,3589.07,3540.07,3597.85,3539.47,14.10400376,114.91142729280001
801880,2019-02-13,3657.5,3590.37,3670.93,3583.11,16.8215531,137.0930481047
801880,2019-02-14,3664.29,3648.32,3680.75,3643.75,14.24882514,119.3382666349
801880,2019-02-15,3588.45,3644.56,3644.64,3583.8,14.33838532,127.45482493959999
801880,2019-02-18,3715.5,3604.68,3715.5,3604.18,19.34534217,162.3815395096
801880,2019-02-19,3718.01,3721.2,3743.42,3679.68,20.24350506,168.1166328869
801880,2019-02-20,3741.9,3720.98,3747.62,3709.79,17.82371382,149.4953375544
801880,2019-02-21,3754.39,3740.79,3814.75,3723.85,23.81492202,187.33644534630002
801880,2019-02-22,3796.77,3744.57,3796.77,3721.92,20.72675295,164.2322430977
801880,2019-02-25,3957.49,3812.57,3958.63,3812.55,32.44789602,270.8999366958
801880,2019-02-26,3940.71,3973.27,4007.95,3927.06,35.5804703,285.1897755248
801880,2019-02-27,3917.06,3931.91,3970.7,3882.32,31.05797733,235.1434205573
801880,2019-02-28,3929.55,3925.41,3945.72,3908.16,31.21291795,206.51624677630002
801880,2019-03-01,3963.98,3942.89,3963.98,3905.18,26.55448988,189.3102622855
801880,2019-03-04,4004.08,3981.57,4077.29,3973.5,35.7592646,284.55198763
801880,2019-03-05,4054.06,4000.6,4054.06,3987.45,30.33141656,245.7439286262
801880,2019-03-06,4130.57,4069.49,4130.57,4038.8,41.30018087,331.57563754169996
801880,2019-03-07,4135.35,4132.43,4156.7,4085.22,42.6887669,345.4076914863
801880,2019-03-08,3951.02,4068.76,4093.97,3951.02,38.93397476,321.3745305563
801880,2019-03-11,4067.36,3965.42,4067.36,3965.42,28.46543968,254.56263809330002
801880,2019-03-12,4123.1,4082.18,4148.7,4069.07,35.32990117,311.19230273529996
801880,2019-03-13,4041.49,4122.97,4122.97,4023.57,31.86757194,289.8944518698
801880,2019-03-14,3982.51,4021.39,4057.84,3944.28,26.8694313,240.8616540486
801880,2019-03-15,4037.99,3999.33,4059.59,3994.99,25.92375005,228.4171102279
801880,2019-03-18,4127.93,4067.17,4127.93,4032.66,27.91117587,247.82977063130002
801880,2019-03-19,4130.34,4130.85,4139.07,4103.99,25.15869452,227.7999940409
801880,2019-03-20,4135.47,4128.51,4153.2,4083.67,25.25946639,222.4970191951
801880,2019-03-21,4154.93,4134.39,4178.7,4132.05,27.67748872,242.4479209996
801880,2019-03-22,4198.56,4153.78,4202.58,4108.8,27.37498829,249.05725227189998
801880,2019-03-25,4130.79,4134.18,4175.69,4124.1,26.08834318,241.54683019729998
801880,2019-03-26,4038.71,4143.06,4153.25,4029.84,24.54598099,213.7200169695
801880,2019-03-27,4044.05,4061.48,4083.09,3994.34,21.79118737,200.29448200279998
801880,2019-03-28,3977.69,4040.51,4040.69,3976.05,18.66061056,173.8658528819
801880,2019-03-29,4082.6,3975.87,4082.6,3956.66,20.82961844,198.2222302474
801880,2019-04-01,4208.96,4111.1,4217.06,4111.04,28.16774352,272.6065358265
801880,2019-04-02,4257.5,4228.32,4279.69,4198.16,29.70425623,292.1692368349
801880,2019-04-03,4323.15,4243.26,4325.34,4230.24,27.62106442,276.39791130419997
801880,2019-04-04,4404.84,4339.05,4414.54,4339.05,31.62492789,325.1982671143
801880,2019-04-08,4393.24,4434.14,4452.64,4326.39,30.38760669,300.41298399880003
801880,2019-04-09,4431.41,4388.17,4450.26,4372.77,27.09863777,265.6559210434
801880,2019-04-10,4529.33,4405.29,4572.04,4388.19,36.33897474,351.26569583220004
801880,2019-04-11,4504.21,4536.88,4639.65,4497.78,35.95844777,351.9783883028
801880,2019-04-12,4485.95,4517.45,4544.3,4454.88,38.50732986,325.8583377007
801880,2019-04-15,4412.56,4533.07,4552.18,4410.74,36.01105482,319.6929956866
801880,2019-04-16,4479.24,4403.49,4479.24,4337.57,29.29360691,281.2100216842
801880,2019-04-17,4695.61,4499.15,4710.49,4499.12,47.68810896,455.2146732694
801880,2019-04-18,4609.23,4713.9,4713.9,4605.23,45.45083895,402.50484938150004
801880,2019-04-19,4672.44,4592.76,4685.61,4579.11,41.36606101,349.7662401496
801880,2019-04-22,4554.72,4674.78,4674.78,4537.43,37.81844295,335.4537208644
801880,2019-04-23,4448.15,4546.28,4546.29,4435.96,31.03387322,270.3669281438
801880,2019-04-24,4509.47,4460.43,4510.05,4433.02,24.90811803,228.72863115349998
801880,2019-04-25,4312.1,4485.69,4485.72,4310.9,32.94557059,281.4280170068
801880,2019-04-26,4210.84,4277.9,4290.13,4206.65,25.46566436,215.85364658650002
801880,2019-04-29,4105.59,4216.77,4225.66,4097.19,24.02488999,200.27590294639998
801880,2019-04-30,4161.54,4099.55,4175.22,4099.38,17.45579939,147.4861631009
801880,2019-05-06,3841.57,4012.96,4012.96,3804.64,23.14797251,194.9694991109
801880,2019-05-07,3901.33,3864.41,3928.93,3837.89,19.23996225,160.1780960156
801880,2019-05-08,3877.9,3817.33,3956.86,3801.01,18.64174134,152.2048552999
801880,2019-05-09,3837.47,3850.76,3889.11,3830.22,15.87502496,133.4638490412
801880,2019-05-10,3971.01,3878.86,3971.01,3798.75,21.41352349,185.6168937666
801880,2019-05-13,3889.15,3921.59,3932.72,3869.09,16.97882703,141.7535436116
801880,2019-05-14,3856.94,3837.95,3891.5,3837.43,15.69342267,125.7016904721
801880,2019-05-15,3937.95,3883.35,3937.95,3882.49,18.36904494,153.8992272092
801880,2019-05-16,3963.81,3943.04,3971.62,3938.81,20.99535098,175.90330477939997
801880,2019-05-17,3808.1,3956.97,3957.01,3788.49,21.63431002,172.51033226919998
801880,2019-05-20,3741.51,3789.86,3795.64,3688.57,15.71349774,127.7761010376
801880,2019-05-21,3800.08,3741.31,3816.19,3732.85,14.36021406,118.1349363847
801880,2019-05-22,3762.53,3803.03,3803.38,3745.1,14.42884641,114.22395341629999
801880,2019-05-23,3657.81,3752.6,3753.0,3645.41,14.63563052,118.8202805182
801880,2019-05-24,3694.5,3650.95,3732.8,3632.92,15.63066479,129.71026311100002
801880,2019-05-27,3750.76,3690.13,3757.47,3648.66,17.48631249,148.3035805353
801880,2019-05-28,3802.06,3738.76,3826.7,3733.55,17.49018653,158.0066019553
801880,2019-05-29,3768.1,3771.06,3790.39,3760.22,14.05469081,120.9102047251
801880,2019-05-30,3749.78,3757.62,3758.16,3710.74,14.71592343,129.4270920179
801880,2019-05-31,3725.34,3748.18,3770.23,3720.01,11.71443885,106.2508862623
801880,2019-06-03,3699.49,3741.25,3759.27,3688.93,12.55242303,121.09072337219999
801880,2019-06-04,3664.96,3694.24,3694.57,3644.1,12.7131362,115.41295182309999
801880,2019-06-05,3657.44,3696.09,3707.26,3650.64,12.52610439,116.9836708274
801880,2019-06-06,3616.67,3661.16,3661.16,3605.3,12.03824041,106.8528051328
801880,2019-06-10,3665.78,3652.36,3684.01,3646.92,11.76476748,116.1035850936
801880,2019-06-11,3777.6,3666.72,3781.09,3659.02,18.87381666,166.9074970467
801880,2019-06-12,3735.9,3761.36,3767.57,3726.46,14.28412811,133.37312607270002
801880,2019-06-13,3743.45,3729.34,3757.16,3686.96,16.22239328,135.8235408052
801880,2019-06-14,3666.08,3742.71,3744.8,3662.45,15.17845956,119.6453032667
801880,2019-06-17,3666.14,3665.28,3687.38,3649.78,11.30915832,84.52113308060001
801880,2019-06-18,3655.93,3671.98,3682.26,3644.39,9.92888428,82.67633303689999
801880,2019-06-19,3703.92,3728.94,3742.93,3702.66,13.69744516,122.4138484283
801880,2019-06-20,3765.77,3700.53,3774.31,3682.96,17.54984351,153.8112487348
801880,2019-06-21,3817.23,3774.13,3817.96,3773.98,19.63465304,163.8873518199
801880,2019-06-24,3822.74,3813.06,3822.74,3788.1,15.53129366,128.75962131059998
801880,2019-06-25,3768.64,3813.96,3814.1,3741.12,16.95480914,130.64268300950002
801880,2019-06-26,3772.64,3747.44,3789.09,3734.03,12.20108479,97.6411479683
801880,2019-06-27,3786.02,3782.15,3814.72,3776.74,13.14238961,111.6298303053
801880,2019-06-28,3757.54,3786.82,3786.84,3737.63,13.17667405,106.25837248370001
801880,2019-07-01,3852.72,3818.88,3857.24,3806.38,15.43179623,133.8439448966
801880,2019-07-02,3904.88,3849.39,3933.61,3836.61,18.02267671,165.0466196434
801880,2019-07-03,3884.39,3896.11,3899.15,3870.07,14.70637621,129.1574713494
801880,2019-07-04,3883.1,3888.94,3920.68,3864.93,13.57193501,120.6866768014
801880,2019-07-05,3888.16,3884.09,3897.69,3856.39,11.10645355,98.82628767989999
801880,2019-07-08,3749.74,3874.63,3874.83,3738.19,14.63514585,123.3441535859
801880,2019-07-09,3793.92,3753.54,3802.38,3753.54,11.30445648,106.8677847599
801880,2019-07-10,3744.04,3800.74,3800.74,3733.86,10.57943541,91.0646993721
801880,2019-07-11,3729.8,3758.03,3778.86,3709.97,9.46951552,83.7415405859
801880,2019-07-12,3712.41,3718.35,3724.49,3694.34,8.57220067,76.8406220184
801880,2019-07-15,3752.08,3705.26,3762.32,3651.53,11.34162948,96.84681329629998
801880,2019-07-16,3740.29,3748.65,3758.76,3730.86,8.66443639,73.97876926859999
801880,2019-07-17,3758.74,3741.19,3768.31,3723.11,10.0113529,84.7883671721
801880,2019-07-18,3686.31,3737.07,3737.53,3686.31,9.43337274,79.0056573784
801880,2019-07-19,3715.25,3695.81,3746.22,3695.68,9.50953677,81.0509736854
801880,2019-07-22,3641.56,3720.66,3720.69,3641.56,11.12100892,90.6276433858
801880,2019-07-23,3681.89,3637.83,3683.9,3628.75,8.93996161,77.7175670766
801880,2019-07-24,3726.66,3692.8,3750.47,3692.49,9.88484936,86.5095140725
801880,2019-07-25,3726.42,3726.58,3738.51,3715.5,8.47445033,74.6141736399
801880,2019-07-26,3734.55,3713.09,3736.76,3706.91,10.0088847,72.2845934874
801880,2019-07-29,3731.04,3734.68,3734.78,3719.91,8.87878466,66.0365293806
801880,2019-07-30,3753.18,3731.8,3766.49,3731.47,9.29194792,80.4816933285
801880,2019-07-31,3718.74,3742.33,3742.64,3714.84,9.51237748,75.29644991010001
801880,2019-08-01,3690.8,3707.43,3717.82,3681.37,9.38358604,75.4057530807
801880,2019-08-02,3623.35,3612.44,3632.11,3592.82,10.96497423,89.76421327450001
801880,2019-08-05,3550.81,3611.28,3615.6,3550.81,9.43795684,81.3512796198
801880,2019-08-06,3463.64,3487.02,3488.12,3403.26,14.00230744,108.4130869567
801880,2019-08-07,3449.99,3481.98,3489.58,3449.68,8.4235929,67.4551679513
801880,2019-08-08,3496.26,3468.28,3504.36,3468.15,7.70203341,64.7847074546
801880,2019-08-09,3466.6,3512.5,3529.33,3464.36,8.54500298,68.7363854123
801880,2019-08-12,3507.07,3468.56,3507.69,3465.56,7.48771319,61.2762244124
801880,2019-08-13,3462.58,3482.13,3483.33,3454.97,7.41958552,64.2925339906
801880,2019-08-14,3486.95,3504.95,3510.59,3483.91,8.28628259,68.61806756989999
801880,2019-08-15,3501.22,3420.77,3506.17,3405.47,9.3981748,77.8904320159
801880,2019-08-16,3508.32,3502.46,3530.37,3496.67,8.11071869,69.7662251552
801880,2019-08-19,3585.61,3536.73,3585.61,3532.46,11.17800076,99.5724298583
801880,2019-08-20,3572.74,3586.8,3599.57,3565.65,10.55432214,90.36728684280001
801880,2019-08-21,3563.38,3568.86,3569.09,3553.09,10.17178845,85.8366979625
801880,2019-08-22,3576.58,3569.26,3577.38,3545.61,11.16851998,101.30760080540001
801880,2019-08-23,3582.42,3580.87,3601.03,3571.03,10.90120142,108.7514911634
801880,2019-08-26,3580.2,3523.35,3605.72,3513.24,14.31650787,123.2240885552
801880,2019-08-27,3683.66,3606.13,3697.39,3606.07,19.76026551,191.88555314200002
801880,2019-08-28,3706.3,3718.76,3767.13,3701.9,20.27995777,180.69702856650002
801880,2019-08-29,3683.26,3706.08,3708.79,3672.56,19.77286361,160.7338451628
801880,2019-08-30,3660.34,3701.97,3710.09,3649.82,17.99446785,159.2574899032
801880,2019-09-02,3695.64,3658.58,3703.45,3658.58,17.62668448,151.4259120106
801880,2019-09-03,3675.46,3698.34,3698.37,3657.96,15.41729296,131.8627102447
801880,2019-09-04,3682.61,3665.23,3682.61,3652.32,14.30755134,122.8707937148
801880,2019-09-05,3730.05,3700.89,3758.5,3700.42,19.06344856,176.5891571438
801880,2019-09-06,3803.32,3756.22,3803.32,3756.15,16.99674162,169.0005332386
801880,2019-09-09,3843.14,3837.52,3843.14,3810.51,17.95123678,173.61365542529998
801880,2019-09-10,3811.99,3838.05,3838.05,3794.68,16.24018775,148.948652067
801880,2019-09-11,3806.21,3818.68,3826.01,3799.75,16.62278312,149.8103484067
801880,2019-09-12,3821.35,3811.72,3826.36,3792.5,14.12202276,129.90685560219998
801880,2019-09-16,3826.63,3841.1,3841.1,3810.25,19.64941161,150.20502144629998
801880,2019-09-17,3739.69,3821.54,3821.73,3724.45,17.72234865,144.7658713932
801880,2019-09-18,3739.79,3746.48,3753.57,3733.62,16.29546075,137.1212495768
801880,2019-09-19,3766.69,3751.15,3766.69,3725.91,13.94989743,126.5459927752
801880,2019-09-20,3776.28,3781.47,3795.49,3767.6,17.18904729,160.2399782661
801880,2019-09-23,3744.86,3773.71,3773.84,3721.34,18.11380083,162.5710546161
801880,2019-09-24,3752.62,3753.13,3781.3,3736.82,19.22391943,159.5217446906
801880,2019-09-25,3684.09,3735.85,3735.93,3684.09,17.08628496,140.0871876525
801880,2019-09-26,3612.85,3691.24,3691.68,3611.91,16.34101665,123.57042459620001
801880,2019-09-27,3627.01,3610.62,3638.29,3610.6,11.4206942,91.655239566
801880,2019-09-30,3601.2,3628.29,3638.7,3601.2,9.37987685,85.0691238846
801880,2019-10-08,3588.23,3602.14,3616.42,3588.06,9.51620306,82.3867153188
801880,2019-10-09,3599.18,3578.13,3599.18,3566.28,10.6561859,87.2565973593
801880,2019-10-10,3640.95,3602.93,3640.95,3602.93,10.87336111,96.10579965299999
801880,2019-10-11,3652.51,3646.05,3662.53,3626.84,11.49102992,101.0289910872
801880,2019-10-14,3722.98,3680.41,3723.61,3677.21,14.10380668,127.1073223665
801880,2019-10-15,3675.22,3721.74,3722.06,3665.87,11.9798451,109.6316377197
801880,2019-10-16,3653.09,3681.72,3683.57,3650.44,11.41202437,95.94192757479999
801880,2019-10-17,3652.87,3653.53,3659.41,3641.38,11.31792929,89.80170975950001
801880,2019-10-18,3601.82,3660.37,3661.96,3595.09,12.46744621,105.1219595827
801880,2019-10-21,3574.18,3595.45,3596.47,3549.85,11.02031863,86.9887864271
801880,2019-10-22,3595.62,3573.25,3595.62,3568.67,9.01210693,78.5696208795
801880,2019-10-23,3575.2,3593.79,3597.05,3566.07,8.54965347,73.4946926928
801880,2019-10-24,3583.87,3578.11,3592.94,3569.12,9.23722761,80.5811820499
801880,2019-10-25,3613.7,3581.4,3614.34,3571.97,11.98721126,101.6375753814
801880,2019-10-28,3657.87,3615.06,3658.02,3615.06,14.29998807,121.5012394551
801880,2019-10-29,3621.94,3657.7,3657.71,3621.94,12.34745354,110.3647891203
801880,2019-10-30,3584.07,3612.22,3612.39,3575.32,12.08970488,106.36966535459999
801880,2019-10-31,3548.8,3585.9,3586.03,3542.75,10.80012555,98.2057140565
801880,2019-11-01,3622.73,3547.6,3622.73,3534.25,12.07721022,109.5846105528
801880,2019-11-04,3636.92,3633.83,3648.27,3633.5,12.74219906,123.390288024
801880,2019-11-05,3643.55,3637.57,3661.68,3618.47,11.53799819,116.17588053040001
801880,2019-11-06,3622.68,3650.01,3650.91,3611.61,11.1356399,106.97899714430001
801880,2019-11-07,3651.99,3624.82,3664.31,3620.42,9.97358949,105.4528698095
801880,2019-11-08,3664.41,3674.85,3704.14,3659.2,12.27687917,126.7002113066
801880,2019-11-11,3606.23,3647.61,3648.92,3602.68,12.78280522,115.1048101023
801880,2019-11-12,3609.41,3609.55,3614.66,3577.76,10.64509695,100.6147372822
801880,2019-11-13,3588.44,3607.65,3607.69,3575.32,9.92296477,93.9537181098
801880,2019-11-14,3591.32,3591.61,3604.69,3578.66,9.14872909,87.9761375404
801880,2019-11-15,3563.65,3590.86,3592.85,3558.9,9.86419261,95.37661882469999
801880,2019-11-18,3584.63,3552.11,3584.63,3544.11,9.44343004,93.4501134159
801880,2019-11-19,3626.75,3583.48,3626.75,3579.57,10.3413905,101.6815772102
801880,2019-11-20,3597.86,3625.87,3627.7,3593.6,9.84775038,95.1687544044
801880,2019-11-21,3591.43,3588.28,3603.92,3575.49,8.69221212,79.6640921007
801880,2019-11-22,3580.38,3594.87,3631.45,3566.59,11.41134655,99.21310212290001
801880,2019-11-25,3630.52,3589.53,3630.52,3580.53,11.67805341,107.77633364879999
801880,2019-11-26,3637.34,3632.53,3638.04,3612.93,10.56004134,99.3593301603
801880,2019-11-27,3626.84,3632.64,3642.19,3615.36,10.16143987,92.9762465314
801880,2019-11-28,3596.95,3617.68,3621.24,3590.9,8.91972139,82.4883788391
801880,2019-11-29,3614.22,3599.81,3618.26,3579.67,9.74277514,86.7345196431
801880,2019-12-02,3615.3,3618.05,3629.99,3615.3,11.46075208,106.9480264565
801880,2019-12-03,3662.29,3602.13,3662.29,3588.78,13.35299276,117.44673116870001
801880,2019-12-04,3653.75,3647.96,3678.28,3646.32,14.14778097,126.6433216051
801880,2019-12-05,3687.03,3662.64,3690.97,3662.53,14.90712908,141.9600305132
801880,2019-12-06,3676.52,3687.87,3687.87,3660.98,15.04640443,138.9087742467
801880,2019-12-09,3670.9,3681.34,3682.47,3660.22,14.00411852,126.6567322096
801880,2019-12-10,3687.21,3664.95,3687.21,3659.45,13.94113653,130.5157657545
801880,2019-12-11,3715.2,3690.71,3729.5,3680.18,17.11886028,165.6154050819
801880,2019-12-12,3711.25,3716.77,3721.57,3703.68,14.32639693,140.20379328229998
801880,2019-12-13,3744.2,3731.8,3745.34,3727.8,15.25447522,152.0410253094
801880,2019-12-16,3792.93,3755.14,3792.93,3755.04,16.97547361,162.1367799177
801880,2019-12-17,3826.64,3794.98,3830.67,3790.25,19.23996375,184.7309633466
801880,2019-12-18,3824.64,3821.61,3841.66,3815.73,17.93471762,175.0783870011
801880,2019-12-19,3836.66,3822.91,3842.19,3809.75,17.20860223,166.8672927957
801880,2019-12-20,3841.57,3841.81,3863.33,3840.59,18.58196478,179.6120669545
801880,2019-12-23,3786.48,3838.78,3855.43,3783.75,17.52833894,175.0319995066
801880,2019-12-24,3844.49,3790.36,3845.07,3790.36,14.96533467,147.7951860808
801880,2019-12-25,3856.73,3853.22,3872.1,3836.63,16.37109484,156.9459217365
801880,2019-12-26,3864.68,3849.31,3864.68,3840.0,14.91366262,141.8834678838
801880,2019-12-27,3861.62,3868.86,3896.94,3856.35,17.5703753,171.5112610966
801880,2019-12-30,3892.15,3850.64,3892.73,3819.59,19.13914654,180.25442271650002
801880,2019-12-31,3913.76,3890.78,3917.43,3882.99,16.8898007,153.8693710846
801880,2020-01-02,3988.84,3938.61,3998.18,3938.54,20.72386701,201.3532500166
801880,2020-01-03,3998.72,3995.43,4010.85,3979.91,18.96945923,178.3287358684
801880,2020-01-06,4008.75,3991.21,4066.95,3984.97,28.09470272,276.85998836150003
801880,2020-01-07,4063.65,4031.98,4063.9,4031.98,26.80060897,253.4156459129
801880,2020-01-08,4101.23,4062.91,4153.96,4055.27,33.76515292,322.3103998538
801880,2020-01-09,4148.09,4148.79,4163.87,4124.93,31.34122706,287.1936631539
801880,2020-01-10,4112.48,4148.11,4148.11,4105.51,25.02395066,228.64414415189998
801880,2020-01-13,4201.57,4150.54,4201.57,4137.89,27.40000754,272.9552230914
801880,2020-01-14,4190.14,4235.72,4258.65,4189.09,28.48707215,319.3245039752
801880,2020-01-15,4159.86,4179.37,4189.8,4141.15,23.29993754,228.3033917793
801880,2020-01-16,4159.1,4168.36,4174.43,4140.65,21.50172733,222.909997388
801880,2020-01-17,4175.86,4171.04,4196.5,4159.44,23.4056314,255.65339420439997
801880,2020-01-20,4179.71,4170.29,4183.25,4148.93,21.49089624,227.4339909434
801880,2020-01-21,4088.41,4164.66,4164.67,4086.29,22.20807904,219.61049144950002
801880,2020-01-22,4131.6,4077.65,4148.09,4029.26,22.5098956,228.78712790240002
801880,2020-01-23,3991.14,4093.58,4116.06,3953.6,23.06310067,237.6032011317
801880,2020-02-03,3622.51,3602.22,3661.0,3602.22,11.66817863,142.30575437
801880,2020-02-04,3670.8,3520.19,3686.05,3520.19,27.25797374,244.2812400898
801880,2020-02-05,3786.79,3728.79,3839.17,3728.63,23.83248627,255.5218808941
801880,2020-02-06,3836.46,3757.6,3850.48,3738.53,28.17331091,299.5974663878
801880,2020-02-07,3831.58,3833.56,3837.1,3775.53,28.09492819,298.3038802603
801880,2020-02-10,3970.64,3826.96,3971.14,3824.6,27.88082537,315.5328523557
801880,2020-02-11,3953.61,3988.87,3988.89,3931.29,25.66943291,282.4038603246
801880,2020-02-12,3988.36,3933.47,3988.86,3929.63,27.09348318,251.9154614773
801880,2020-02-13,3958.63,3973.01,4001.77,3950.3,26.41501728,266.24538446189996
801880,2020-02-14,3941.76,3953.05,3969.45,3912.61,24.42315916,229.1892720416
801880,2020-02-17,4096.44,3951.58,4096.44,3951.53,29.05976187,274.3791820124
801880,2020-02-18,4131.05,4099.55,4139.1,4077.11,31.39518762,303.6690064187
801880,2020-02-19,4123.9,4174.04,4195.66,4122.76,33.15284955,345.0540416883
801880,2020-02-20,4232.09,4142.2,4241.09,4137.65,37.73850189,391.46182175900003
801880,2020-02-21,4306.56,4234.2,4310.27,4233.94,42.05579478,415.22555932050005
801880,2020-02-24,4306.96,4275.29,4325.9,4267.88,39.76959214,391.9792710182
801880,2020-02-25,4388.53,4211.04,4395.9,4159.3,51.59751967,491.0927664063
801880,2020-02-26,4299.24,4334.08,4406.61,4285.86,46.83794489,455.258217989
801880,2020-02-27,4306.81,4314.4,4349.37,4270.4,40.79429661,377.4643070889
801880,2020-02-28,4060.96,4148.98,4193.58,4057.65,38.6772025,350.1190234202
801880,2020-03-02,4217.1,4084.65,4231.93,4084.64,31.72357578,291.2839800432
801880,2020-03-03,4252.08,4296.13,4322.75,4215.91,36.93653831,345.1221392477
801880,2020-03-04,4255.84,4202.27,4255.84,4176.9,27.86530677,254.3000225597
801880,2020-03-05,4308.38,4288.67,4308.38,4261.52,32.5581161,292.06485884619997
801880,2020-03-06,4254.53,4250.13,4283.2,4236.3,31.52107846,273.21904296580004
801880,2020-03-09,4045.07,4164.1,4167.97,4045.07,31.29216852,288.6648673659
801880,2020-03-10,4155.27,3977.17,4156.44,3959.81,29.22181644,262.19665848299996
801880,2020-03-11,4112.62,4172.73,4195.32,4112.62,27.21613648,241.82463336680001
801880,2020-03-12,4039.37,4051.55,4058.37,3983.37,28.63116859,227.0496222537
801880,2020-03-13,3979.14,3828.31,4002.4,3828.31,30.42218286,245.7054208797
801880,2020-03-16,3760.9,3998.58,3998.58,3751.51,27.35961445,232.4460589476
801880,2020-03-17,3723.84,3767.39,3812.31,3607.59,26.03735904,208.190496525
801880,2020-03-18,3641.96,3747.37,3788.96,3641.96,24.44181333,200.1287012177
801880,2020-03-19,3609.7,3631.18,3653.02,3512.9,22.91596494,188.7943269464
801880,2020-03-20,3650.22,3656.85,3667.42,3590.7,19.21227737,162.4140517215
801880,2020-03-23,3429.27,3528.14,3528.38,3421.09,19.6427436,171.90531888799998
801880,2020-03-24,3561.52,3492.91,3564.72,3428.09,20.32625877,176.9779966948
801880,2020-03-25,3730.31,3663.95,3738.35,3663.88,24.97864914,231.80953827439998
801880,2020-03-26,3680.63,3705.98,3712.61,3676.69,24.60065434,191.915635615
801880,2020-03-27,3675.56,3719.61,3719.61,3670.52,23.43057766,187.6270053263
801880,2020-03-30,3637.48,3620.88,3670.91,3585.1,21.56684782,180.8027495543
801880,2020-03-31,3649.83,3666.33,3674.82,3636.53,19.55539812,161.0039558693
801880,2020-04-01,3626.12,3671.94,3728.52,3621.26,25.88737328,215.8338375577
801880,2020-04-02,3664.76,3597.12,3664.76,3574.73,23.10733826,184.80830577939997
801880,2020-04-03,3629.7,3673.92,3673.99,3613.91,21.94313411,181.3742340738
801880,2020-04-07,3723.44,3693.11,3723.44,3679.59,25.86476779,219.73630972630002
801880,2020-04-08,3712.64,3703.49,3725.28,3690.07,27.2205695,205.5040077952
801880,2020-04-09,3749.07,3727.25,3754.79,3722.63,27.88878048,201.0966537842
801880,2020-04-10,3671.45,3757.59,3757.59,3657.82,24.59009705,193.46053668439998
801880,2020-04-13,3643.03,3638.78,3651.65,3617.53,17.98292333,142.0282809176
801880,2020-04-14,3719.93,3660.87,3719.93,3657.72,22.22015989,193.22014146529997
801880,2020-04-15,3698.91,3732.13,3740.6,3698.91,26.20554551,224.79086592779998
801880,2020-04-16,3702.13,3679.07,3706.03,3664.1,18.88411099,160.9334912823
801880,2020-04-17,3706.61,3729.56,3737.17,3702.3,20.66136169,188.8719312624
801880,2020-04-20,3723.46,3718.12,3723.65,3692.33,18.10739592,161.87350735
801880,2020-04-21,3671.92,3705.42,3705.49,3635.81,19.27962319,166.9559312539
801880,2020-04-22,3675.06,3640.26,3675.72,3626.67,16.62261676,138.52793632520002
801880,2020-04-23,3655.05,3693.21,3699.13,3654.71,18.81340391,156.842862907
801880,2020-04-24,3636.86,3665.67,3707.79,3626.68,20.19011627,169.4748002025
801880,2020-04-27,3592.47,3633.92,3636.21,3592.47,18.38186706,144.3201972462
801880,2020-04-28,3552.68,3603.7,3603.81,3470.45,21.31183473,164.555402619
801880,2020-04-29,3568.11,3544.59,3577.15,3536.18,18.96480518,151.43653456959998
801880,2020-04-30,3692.65,3609.06,3701.98,3608.93,21.11193588,193.59697468150003
801880,2020-05-06,3786.49,3663.6,3788.24,3663.6,21.921389,207.44695946849998
801880,2020-05-07,3772.62,3789.97,3790.05,3748.67,18.23648201,170.6500385886
801880,2020-05-08,3820.03,3787.48,3828.95,3783.53,18.73812018,169.8883874964
801880,2020-05-11,3842.82,3838.5,3880.07,3816.32,21.42426732,200.7781569268
801880,2020-05-12,3822.66,3842.75,3842.82,3786.01,20.38169248,184.7115730784
801880,2020-05-13,3807.2,3807.66,3812.8,3790.15,16.59345349,158.1980864425
801880,2020-05-14,3742.49,3792.91,3793.11,3739.27,17.57898563,152.7953487529
801880,2020-05-15,3723.68,3759.85,3766.21,3714.62,17.02764182,161.377779438
801880,2020-05-18,3690.63,3721.01,3721.01,3684.45,17.13359803,150.3932345251
801880,2020-05-19,3734.3,3721.03,3738.44,3713.9,15.46533423,143.1978561185
801880,2020-05-20,3725.64,3723.19,3754.94,3715.17,18.93009769,175.56581542939998
801880,2020-05-21,3686.4,3746.63,3746.63,3678.67,21.10217951,170.1837503473
801880,2020-05-22,3632.56,3680.5,3682.74,3611.52,16.92124508,146.61647642370002
801880,2020-05-25,3628.36,3636.87,3638.85,3613.06,15.5553014,134.6915199003
801880,2020-05-26,3689.44,3646.91,3690.56,3646.71,17.30636085,145.1856846627
801880,2020-05-27,3683.01,3701.44,3705.7,3671.34,19.77833916,176.60786014509998
801880,2020-05-28,3677.93,3689.39,3711.93,3645.49,18.20482966,159.71972883610002
801880,2020-05-29,3685.28,3679.77,3697.53,3671.47,21.36615123,187.34747021580003
801880,2020-06-01,3800.28,3704.02,3800.28,3703.98,24.51841682,223.2628660719
801880,2020-06-02,3804.28,3821.15,3829.18,3788.13,26.06951368,249.2317118736
801880,2020-06-03,3872.36,3819.97,3874.13,3811.11,29.69433705,271.587854542
801880,2020-06-04,3909.23,3895.78,3910.82,3873.63,33.05498767,292.8950570668
801880,2020-06-05,3906.05,3915.75,3915.75,3871.28,27.46027925,266.7695527657
801880,2020-06-08,3897.79,3919.75,3919.75,3889.95,26.81337501,248.1881612332
801880,2020-06-09,3920.05,3906.94,3926.95,3899.09,24.36980457,229.4633622316
801880,2020-06-10,3886.82,3908.82,3908.94,3865.41,19.58492528,184.762859266
801880,2020-06-11,3921.51,3906.04,3974.58,3901.33,30.84699145,286.15533358560003
801880,2020-06-12,3916.39,3836.88,3929.3,3835.28,28.58504739,257.9801891396
801880,2020-06-15,3855.77,3901.54,3913.93,3855.77,24.45344692,228.9702430275
801880,2020-06-16,3902.32,3894.93,3902.32,3873.42,19.09622616,191.413276435
801880,2020-06-17,3884.09,3906.29,3906.29,3850.83,19.07805658,178.43395971119998
801880,2020-06-18,3909.64,3879.44,3910.01,3861.92,18.51138193,179.2397314461
801880,2020-06-19,3961.12,3910.32,3968.2,3906.95,21.89207611,206.2041102966
801880,2020-06-22,3950.09,3957.78,3973.84,3940.77,23.38951262,217.2019905139
801880,2020-06-23,3936.29,3943.11,3943.11,3912.02,21.89685301,204.69345163990002
801880,2020-06-24,3932.95,3937.03,3952.81,3923.45,18.86921608,183.6917269384
801880,2020-06-29,3899.5,3917.54,3923.71,3891.89,18.98379947,182.892081047
801880,2020-06-30,3923.35,3902.2,3938.3,3902.0,17.92557232,184.0926662339
801880,2020-07-01,3957.59,3952.49,3957.74,3922.31,24.39628178,230.3119583903
801880,2020-07-02,4005.45,3961.92,4005.59,3946.3,25.83992828,249.246284845
801880,2020-07-03,4131.09,4041.59,4134.64,4041.45,31.05366041,312.53968365419996
801880,2020-07-06,4275.57,4167.02,4280.68,4142.46,41.61085276,408.04731833190004
801880,2020-07-07,4335.17,4342.62,4404.27,4284.42,43.39021039,449.71380470300005
801880,2020-07-08,4380.38,4327.53,4384.75,4293.72,39.9755887,396.94843026940003
801880,2020-07-09,4452.15,4382.79,4455.31,4376.43,42.20746575,429.4559390313
801880,2020-07-10,4473.58,4438.61,4515.58,4420.14,42.90302831,448.45436676519995
801880,2020-07-13,4645.61,4505.18,4650.07,4505.18,39.98300968,460.3885457458
801880,2020-07-14,4648.69,4642.35,4651.17,4513.76,44.97400534,505.9379222712
801880,2020-07-15,4501.94,4634.35,4644.01,4500.63,41.49617047,438.1242473362
801880,2020-07-16,4284.08,4494.09,4528.93,4280.65,35.37002533,375.8798526449
801880,2020-07-17,4296.6,4278.17,4357.43,4250.38,27.79044939,287.2177637201
801880,2020-07-20,4485.28,4349.35,4485.28,4338.2,29.09535322,316.7052396459
801880,2020-07-21,4526.62,4523.8,4547.66,4498.13,30.87189118,317.51105081049997
801880,2020-07-22,4513.8,4507.13,4571.19,4498.22,28.75088239,295.11804542470003
801880,2020-07-23,4505.91,4478.41,4507.24,4384.08,29.42137283,304.2224670956
801880,2020-07-24,4325.35,4487.39,4503.35,4314.55,34.14353001,349.582615938
801880,2020-07-27,4365.31,4343.84,4376.47,4302.13,26.38701175,254.9472978698
801880,2020-07-28,4390.47,4409.65,4441.05,4360.05,24.17298369,238.63384346819998
801880,2020-07-29,4501.44,4387.94,4501.44,4351.12,27.3545172,275.5655800311
801880,2020-07-30,4455.05,4511.36,4531.77,4445.85,27.96872405,279.2678762502
801880,2020-07-31,4481.24,4454.14,4510.93,4407.16,25.34670556,254.2056937678
801880,2020-08-03,4625.39,4522.66,4625.39,4522.66,29.58916834,310.60919908520003
801880,2020-08-04,4652.09,4655.83,4671.59,4624.78,34.39253322,347.49781203339995
801880,2020-08-05,4662.62,4650.35,4662.62,4595.68,30.6710935,297.6635710333
801880,2020-08-06,4692.28,4684.61,4703.98,4607.86,30.95443862,353.92457202379995
801880,2020-08-07,4667.36,4665.66,4692.88,4606.3,32.53966562,341.58916070509997
801880,2020-08-10,4705.44,4653.85,4725.98,4648.78,30.88301524,347.37155880730006
801880,2020-08-11,4662.17,4715.63,4756.92,4656.54,35.1067921,372.90632600099997
801880,2020-08-12,4625.91,4639.31,4656.27,4498.7,35.61081829,365.4590902716
801880,2020-08-13,4640.48,4654.49,4682.51,4632.17,31.36410908,319.9527145911
801880,2020-08-14,4674.33,4636.99,4677.05,4582.13,37.01475785,310.2402067424
801880,2020-08-17,4788.43,4679.08,4793.11,4663.98,37.76501375,363.4565096857
801880,2020-08-18,4832.47,4803.81,4840.22,4794.63,39.49697099,388.0364441053
801880,2020-08-19,4735.81,4823.35,4823.35,4731.71,40.4883296,370.572792061
801880,2020-08-20,4642.47,4690.41,4708.67,4631.07,29.9200284,277.7541761773
801880,2020-08-21,4680.04,4675.97,4706.79,4639.01,27.84897647,269.7894160655
801880,2020-08-24,4714.18,4687.74,4720.24,4653.52,24.99164468,260.3392805414
801880,2020-08-25,4671.21,4719.6,4720.52,4657.07,26.42550895,260.5353494683
801880,2020-08-26,4596.1,4672.76,4677.07,4579.83,27.23355498,278.35971104189997
801880,2020-08-27,4687.12,4627.45,4695.33,4626.92,26.78355742,293.9984615925
801880,2020-08-28,4709.9,4680.33,4715.49,4625.21,30.05841232,304.2617410195
801880,2020-08-31,4703.55,4725.38,4757.23,4703.55,30.65743846,319.6414781107
801880,2020-09-01,4843.65,4714.16,4843.68,4714.16,30.39929106,343.9505380046
801880,2020-09-02,4860.4,4863.16,4875.19,4802.98,28.70991188,341.9984266378
801880,2020-09-03,4816.46,4849.06,4860.41,4797.43,25.73847309,286.7554609759
801880,2020-09-04,4792.01,4710.35,4801.38,4710.35,21.89712869,242.5889696931
801880,2020-09-07,4755.08,4787.41,4830.79,4736.35,24.84900928,308.9918159159
801880,2020-09-08,4786.05,4769.29,4803.47,4737.05,27.29057924,291.1360091224
801880,2020-09-09,4648.08,4716.35,4731.65,4647.24,30.81316753,312.532107452
801880,2020-09-10,4608.24,4694.47,4708.75,4598.18,27.96793287,279.5368468787
801880,2020-09-11,4671.31,4603.64,4671.31,4582.04,21.40837225,228.6192143868
801880,2020-09-14,4707.22,4682.76,4713.05,4664.17,20.5459526,236.9984275553
801880,2020-09-15,4796.33,4716.58,4803.92,4705.04,22.76841636,287.3780063328
801880,2020-09-16,4861.94,4785.58,4872.9,4785.56,23.06603591,297.99925963
801880,2020-09-17,5031.32,4864.7,5057.01,4859.82,29.50185078,393.59675636
801880,2020-09-18,5051.82,5017.11,5051.82,4977.0,27.28160621,360.63910578
801880,2020-09-21,4961.51,5057.0,5071.05,4952.6,23.9584354,338.35060649
801880,2020-09-22,4862.32,4921.86,4931.84,4848.97,21.76448398,279.89175345
801880,2020-09-23,4886.61,4885.97,4900.07,4849.96,17.39773923,227.27020107
801880,2020-09-24,4740.99,4842.13,4842.4,4739.75,20.21327966,230.0365351
801880,2020-09-25,4725.0,4773.78,4773.78,4695.57,15.8623669,193.26012266
801880,2020-09-28,4710.11,4746.38,4748.44,4702.86,16.88599509,197.06081571
801880,2020-09-29,4716.91,4742.44,4742.44,4701.68,16.78039222,206.28264653
801880,2020-09-30,4756.45,4727.19,4790.27,4702.53,16.18668161,224.29863992
801880,2020-10-09,4914.27,4876.1,4946.54,4874.77,21.02128523,292.35454097
801880,2020-10-12,5073.22,4982.87,5073.22,4973.09,26.44186567,343.98850173
801880,2020-10-13,5158.82,5071.53,5176.24,5015.71,27.00771986,358.70594673
801880,2020-10-14,5123.3,5156.32,5172.58,5095.67,28.64261709,355.49805109
801880,2020-10-15,5113.82,5175.6,5209.78,5113.82,30.08805173,387.21698545
801880,2020-10-16,5044.92,5101.02,5101.02,5007.54,24.77266296,327.7758057
801880,2020-10-19,5012.97,5056.02,5070.64,4993.62,21.93166856,269.20291016
801880,2020-10-20,5189.16,4996.18,5189.16,4988.02,24.42411976,346.51913996
801880,2020-10-21,5154.89,5173.22,5200.51,5122.56,25.87073999,350.35520825
801880,2020-10-22,5155.46,5134.95,5188.15,5053.2,24.9200119,338.58441885
801880,2020-10-23,5107.86,5147.85,5208.74,5084.22,23.22240696,319.73617847
801880,2020-10-26,5134.73,5073.66,5171.28,5024.64,21.45765187,280.57337867
801880,2020-10-27,5116.98,5102.11,5132.88,5070.05,19.47892018,262.56631017
801880,2020-10-28,5227.18,5112.77,5250.38,5104.65,25.00736276,373.02823828
801880,2020-10-29,5348.05,5144.83,5423.32,5144.83,31.37953302,467.43753944
801880,2020-10-30,5307.64,5378.42,5474.82,5298.0,36.11697475,525.94742912
801880,2020-11-02,5460.11,5331.49,5470.19,5315.99,33.50938258,474.68213721
801880,2020-11-03,5441.85,5509.47,5509.47,5383.51,31.93929836,481.8250404
801880,2020-11-04,5593.8,5463.51,5593.8,5449.57,32.52401576,475.80093397
801880,2020-11-05,5878.57,5690.44,5878.57,5679.66,43.00909795,617.68505578
801880,2020-11-06,5847.36,5901.24,5976.72,5752.41,39.34880507,621.9235539
801880,2020-11-09,5877.01,5853.27,5886.77,5783.07,36.22680988,524.63817315
801880,2020-11-10,5717.31,5839.7,5839.7,5677.37,32.99670519,492.68130476
801880,2020-11-11,5536.06,5672.57,5724.43,5536.06,24.47678307,424.61342863
801880,2020-11-12,5586.14,5567.99,5635.14,5548.35,20.3509597,339.38286409
801880,2020-11-13,5642.46,5667.54,5685.37,5586.58,23.93626949,369.21913415
801880,2020-11-16,5621.41,5637.94,5637.94,5529.39,27.55522087,393.59485197
801880,2020-11-17,5680.5,5651.77,5761.4,5642.85,36.93804928,516.15329745
801880,2020-11-18,5684.75,5654.82,5705.52,5615.26,32.34587175,436.49330056
801880,2020-11-19,5649.57,5736.61,5744.02,5609.43,34.93381351,477.24500074
801880,2020-11-20,5849.51,5668.29,5860.77,5664.35,43.39776857,593.71683153
801880,2020-11-23,5936.73,5863.35,5947.04,5783.58,47.5823601,619.50160078
801880,2020-11-24,5903.15,6006.87,6062.2,5898.23,43.7699645,598.67651992
801880,2020-11-25,5878.78,5905.4,6051.05,5873.36,45.97551864,610.38273321
801880,2020-11-26,5716.45,5838.38,5838.39,5654.99,40.04424554,539.49916918
801880,2020-11-27,5773.4,5738.24,5826.09,5676.6,39.00183672,524.66959321
801880,2020-11-30,5732.7,5752.55,5797.41,5686.63,35.66528659,496.84205326
801880,2020-12-01,5852.85,5693.69,5863.81,5675.25,38.73259822,517.78764301
801880,2020-12-02,5761.88,5816.24,5823.37,5747.67,37.74946548,522.65523455
801880,2020-12-03,5723.84,5768.73,5791.2,5676.78,40.02401642,490.82889894
801880,2020-12-04,5694.8,5702.44,5765.31,5682.13,32.10109948,407.99417224
801880,2020-12-07,5631.16,5675.4,5675.42,5622.49,28.25363791,382.83011398
801880,2020-12-08,5698.77,5657.66,5721.85,5649.75,29.15910139,421.3187121
801880,2020-12-09,5542.61,5705.57,5713.47,5542.61,31.64031973,418.59771975
801880,2020-12-10,5476.61,5495.64,5526.33,5416.07,25.97424781,352.7159749
801880,2020-12-11,5443.26,5487.29,5490.8,5349.89,28.15189093,380.45021394
801880,2020-12-14,5525.88,5425.98,5529.08,5366.11,29.48372814,399.12518343
801880,2020-12-15,5602.53,5526.08,5623.8,5496.24,29.75050137,408.7771424
801880,2020-12-16,5510.9,5616.0,5616.03,5503.72,26.00301273,332.39482365
801880,2020-12-17,5523.5,5489.18,5535.03,5443.46,27.34608687,337.13915389
801880,2020-12-18,5603.23,5516.77,5655.41,5509.93,31.10992578,442.55033999
801880,2020-12-21,5794.47,5617.46,5812.6,5596.39,37.29832624,577.50276865
801880,2020-12-22,5585.68,5751.88,5780.98,5584.9,38.42612045,554.59707409
801880,2020-12-23,5691.24,5579.19,5744.46,5579.19,36.7120102,502.20036748
801880,2020-12-24,5596.39,5683.68,5683.7,5574.39,33.8938507,412.83887676
801880,2020-12-25,5610.52,5568.61,5632.62,5538.62,27.91189274,348.32674205
801880,2020-12-28,5675.16,5606.42,5711.94,5574.56,31.68694854,435.0049059
801880,2020-12-29,5505.99,5662.57,5665.85,5503.23,29.9858684,416.55267945
801880,2020-12-30,5613.8,5510.67,5669.37,5510.62,26.67638848,410.44384702
801880,2020-12-31,5708.2,5641.5,5747.65,5629.7,32.23198904,453.26358869
801880,2021-01-04,5850.33,5727.09,5895.08,5727.09,39.3108888,555.30942027
801880,2021-01-05,5848.74,5886.56,5886.7,5773.02,40.40964009,603.97619302
801880,2021-01-06,5786.67,5850.52,5883.57,5743.37,32.07454397,470.83208385
801880,2021-01-07,5855.83,5788.66,5872.86,5720.9,37.63631412,544.71004943
801880,2021-01-08,5930.68,5915.89,5958.83,5781.41,35.69761824,535.24491626
801880,2021-01-11,6022.91,5997.19,6152.43,5971.04,34.97542372,590.49078922
801880,2021-01-12,6033.14,5965.68,6048.33,5868.04,27.66871658,464.6086475
801880,2021-01-13,6035.98,6063.87,6175.74,5972.36,33.24860637,572.12034992
801880,2021-01-14,5892.51,5982.25,6035.3,5874.54,29.18741668,506.33528661
801880,2021-01-15,5909.47,5881.02,5952.32,5765.0,27.35637969,461.78611676
801880,2021-01-18,5911.14,5862.56,5930.82,5827.15,25.80660527,412.27978759
801880,2021-01-19,5835.35,5912.4,5933.32,5815.36,27.45759269,416.33088149
801880,2021-01-20,5970.38,5874.16,5989.91,5874.09,27.53944607,440.57489297
801880,2021-01-21,6047.44,5938.56,6081.43,5893.13,29.17151341,513.05665376
801880,2021-01-22,6074.04,6034.44,6088.7,5961.92,29.83804792,482.28166113
801880,2021-01-25,6102.28,6066.29,6164.01,5988.95,28.5319142,511.15580101
801880,2021-01-26,5985.07,6085.14,6131.08,5980.55,22.02445857,405.6695197
801880,2021-01-27,6040.03,5973.48,6041.36,5860.98,22.84687088,423.80238154
801880,2021-01-28,5871.85,5926.59,5999.61,5860.79,23.13547414,375.66634397
801880,2021-01-29,5853.44,5915.35,5922.15,5770.44,24.87016307,381.32639321
801880,2021-02-01,5847.73,5818.98,5876.8,5763.77,25.02239639,358.71780619
801880,2021-02-02,6137.01,5888.95,6137.75,5888.88,27.49616773,478.80232007
801880,2021-02-03,6065.77,6150.36,6170.41,6054.04,32.19000415,494.32717813
801880,2021-02-04,6008.38,6012.13,6045.88,5938.87,30.43928998,423.16713344
801880,2021-02-05,5830.24,6018.39,6041.05,5826.9,26.85900322,448.93886206
801880,2021-02-08,5903.22,5840.31,5944.59,5763.75,21.55946517,363.82669257
801880,2021-02-09,6027.7,5932.23,6040.44,5885.8,23.84519952,388.64181745
801880,2021-02-10,6113.73,6074.26,6149.58,6009.91,22.87572466,392.99640872
801880,2021-02-18,6129.55,6196.63,6211.03,6062.74,26.44267627,439.04547005
801880,2021-02-19,6140.95,6096.99,6143.1,5996.37,26.2951121,400.51753996
801880,2021-02-22,5949.17,6162.32,6162.32,5949.17,31.48644358,475.28505441
801880,2021-02-23,5832.43,5860.82,5904.36,5807.66,24.03916006,402.41524257
801880,2021-02-24,5692.18,5840.79,5889.19,5636.83,24.79614621,449.5987327
801880,2021-02-25,5662.19,5766.48,5766.48,5642.84,20.92922414,320.19046892
801880,2021-02-26,5551.46,5522.12,5608.43,5497.48,23.19523791,371.88995639
801880,2021-03-01,5696.2,5581.19,5696.2,5547.33,22.06603735,351.2541206
801880,2021-03-02,5694.34,5736.25,5736.25,5626.06,20.54633757,330.18135194
801880,2021-03-03,5743.67,5641.87,5744.88,5624.95,20.10958263,298.64442088
801880,2021-03-04,5575.54,5689.68,5689.81,5558.29,24.28942932,335.22152374
801880,2021-03-05,5616.92,5473.32,5647.86,5473.32,25.75555839,331.69005974
801880,2021-03-08,5404.1,5638.14,5668.65,5402.55,28.36168049,407.78047791
801880,2021-03-09,5250.05,5373.94,5380.69,5137.26,29.73487448,397.42732765
801880,2021-03-10,5305.02,5367.84,5388.61,5284.33,21.89503549,315.95714732
801880,2021-03-11,5422.5,5302.43,5422.53,5280.75,20.8679171,308.94860011
801880,2021-03-12,5434.0,5443.18,5450.28,5355.38,21.7145936,289.96765082
801880,2021-03-15,5336.28,5394.18,5415.7,5291.64,21.62074459,265.64375504
801880,2021-03-16,5381.86,5355.02,5413.78,5339.5,20.24680085,240.98976263
801880,2021-03-17,5405.28,5361.94,5437.09,5319.6,17.21393749,222.83967791
801880,2021-03-18,5416.42,5425.46,5456.97,5401.98,18.20964696,233.7893949
801880,2021-03-19,5314.37,5342.47,5369.68,5290.1,17.10574747,242.81462515
801880,2021-03-22,5393.73,5319.43,5393.73,5310.03,19.66852911,240.7978831
801880,2021-03-23,5276.97,5400.76,5400.77,5241.95,18.82560488,248.12953849
801880,2021-03-24,5142.1,5249.93,5282.48,5131.21,18.04135053,240.59219001
801880,2021-03-25,5118.84,5103.54,5157.18,5079.99,13.91911458,200.54962453
801880,2021-03-26,5262.48,5141.07,5276.25,5140.54,17.45119136,253.36602088
801880,2021-03-29,5224.22,5259.13,5259.13,5196.47,16.60298627,230.0840882
801880,2021-03-30,5268.52,5192.35,5268.94,5178.83,15.7578256,235.06564622
801880,2021-03-31,5223.21,5274.8,5295.54,5191.28,17.75802867,253.63216931
801880,2021-04-01,5287.02,5242.45,5309.88,5242.45,18.38278888,249.7871821
801880,2021-04-02,5345.42,5310.87,5376.1,5275.84,22.33033341,283.87813155
801880,2021-04-06,5418.27,5369.8,5425.5,5361.35,23.23579554,283.5928793
801880,2021-04-07,5350.11,5423.02,5423.07,5324.31,23.13526413,301.9685548
801880,2021-04-08,5340.28,5323.05,5367.94,5299.24,21.88596227,270.57844043
801880,2021-04-09,5299.95,5345.19,5345.19,5279.66,19.12213362,255.24518527
801880,2021-04-12,5202.26,5306.63,5306.63,5191.92,20.44252608,252.08218004
801880,2021-04-13,5215.5,5207.32,5252.55,5198.73,20.03872154,225.21254753
801880,2021-04-14,5315.22,5229.92,5316.97,5229.84,20.55387401,253.09690863
801880,2021-04-15,5286.77,5283.17,5287.56,5229.72,21.23788674,243.50097805
801880,2021-04-16,5410.52,5306.23,5419.06,5306.23,29.83391937,344.01326878
801880,2021-04-19,5690.0,5494.62,5691.8,5490.57,38.90828879,510.42668591
801880,2021-04-20,5636.27,5702.86,5711.58,5634.45,37.67481685,501.44859829
801880,2021-04-21,5544.34,5585.71,5585.95,5521.41,34.13853573,460.9055103
801880,2021-04-22,5530.15,5550.68,5571.7,5512.14,30.30541003,400.41335079
801880,2021-04-23,5511.59,5502.48,5546.23,5485.57,27.79168375,356.1811226
801880,2021-04-26,5479.37,5517.02,5554.77,5474.73,29.82309732,413.30564803
801880,2021-04-27,5404.82,5464.43,5464.43,5367.86,26.60526843,369.06910543
801880,2021-04-28,5446.46,5397.28,5448.66,5369.3,25.57576095,363.84577045
801880,2021-04-29,5414.25,5431.61,5431.65,5392.93,22.97982984,338.37498106
801880,2021-04-30,5391.25,5414.6,5425.52,5369.56,24.80985165,348.96839026
801880,2021-05-06,5360.11,5363.88,5398.31,5324.59,24.69022223,383.13044209
801880,2021-05-07,5259.87,5355.86,5355.9,5255.36,22.90553794,347.8950959
801880,2021-05-10,5315.45,5252.42,5332.69,5212.09,23.72187495,336.38890436
801880,2021-05-11,5304.73,5285.76,5337.83,5196.76,29.30036737,434.55589045
801880,2021-05-12,5442.69,5297.99,5442.69,5288.75,30.12834741,446.6315769
801880,2021-05-13,5306.53,5396.37,5416.95,5303.3,30.04586133,440.05033785
801880,2021-05-14,5422.02,5324.78,5427.43,5293.84,28.67593795,422.9038314
801880,2021-05-17,5515.6,5428.22,5539.25,5428.22,33.83190079,505.48013327
801880,2021-05-18,5501.66,5487.76,5503.7,5446.94,26.48453066,390.98378068
801880,2021-05-19,5615.55,5488.65,5645.79,5466.91,31.18446875,531.84257351
801880,2021-05-20,5565.63,5594.81,5639.87,5565.56,34.86308551,528.73580279
801880,2021-05-21,5563.73,5556.86,5595.75,5496.27,30.43919463,452.5690928
801880,2021-05-24,5507.48,5527.01,5530.57,5479.77,27.09169106,407.91163591
801880,2021-05-25,5559.29,5504.5,5564.78,5464.56,26.38485338,405.42242462
801880,2021-05-26,5586.15,5574.67,5662.67,5574.61,27.87368744,437.23900588
801880,2021-05-27,5616.85,5615.35,5623.08,5569.5,25.86070615,369.00550822
801880,2021-05-28,5672.25,5621.09,5720.42,5600.97,29.80071007,454.06286227
801880,2021-05-31,5698.52,5644.77,5698.52,5575.19,29.73506338,455.56162721
801880,2021-06-01,5768.22,5688.76,5786.46,5675.17,31.01860871,493.96324806
801880,2021-06-02,5738.09,5773.13,5799.43,5717.53,33.34923383,452.4171879
801880,2021-06-03,5682.96,5752.69,5766.18,5676.52,28.40555008,395.31903298
801880,2021-06-04,5746.23,5649.05,5772.39,5620.79,25.71553415,381.06866866
801880,2021-06-07,5748.73,5755.27,5767.73,5706.01,25.30589551,358.64435114
801880,2021-06-08,5823.56,5762.0,5855.09,5759.74,28.33951518,446.84629141
801880,2021-06-09,5837.2,5806.24,5841.32,5788.98,26.57444073,381.92441736
801880,2021-06-10,5948.18,5819.7,5967.52,5819.6,30.9055305,474.57843361
801880,2021-06-11,6021.55,5943.32,6062.1,5889.15,33.39990882,549.65063427
801880,2021-06-15,6055.66,6051.5,6102.93,6006.14,31.97766154,551.53942539
801880,2021-06-16,5774.32,6000.52,6000.52,5772.96,29.4659615,508.23364378
801880,2021-06-17,5874.46,5759.24,5874.46,5759.24,23.17783354,399.21539462
801880,2021-06-18,6084.89,5901.73,6132.5,5884.33,31.92241553,540.63762738
801880,2021-06-21,6122.72,6065.94,6178.39,6002.43,28.18831356,488.71758168
801880,2021-06-22,6176.83,6144.87,6221.86,6093.83,35.90060844,536.49657794
801880,2021-06-23,6282.23,6174.55,6325.53,6174.48,38.04915316,599.86207227
801880,2021-06-24,6263.9,6308.62,6345.39,6243.51,35.48131314,550.4657395
801880,2021-06-25,6247.47,6283.13,6286.73,6182.31,33.77182607,524.12168929
801880,2021-06-28,6318.34,6254.05,6354.72,6254.05,34.66512841,541.2178189
801880,2021-06-29,6210.92,6344.21,6344.25,6188.9,31.6222704,502.19888988
801880,2021-06-30,6215.25,6200.29,6216.7,6140.21,25.10670313,404.84003174
801880,2021-07-01,6072.99,6225.75,6225.79,6066.71,29.02181777,488.75758122
801880,2021-07-02,6029.85,6038.86,6075.95,5996.41,25.94541534,419.89293436
801880,2021-07-05,6123.63,6018.99,6123.63,6018.92,27.17249252,452.81788756
801880,2021-07-06,6140.04,6141.73,6202.42,6034.73,28.184668,517.07717968
801880,2021-07-07,6254.34,6079.86,6277.1,6047.28,32.12217306,519.52161833
801880,2021-07-08,6207.06,6261.29,6292.41,6200.88,32.45947374,505.37394263
801880,2021-07-09,6300.77,6173.66,6314.57,6133.87,34.91739226,546.70111468
801880,2021-07-12,6446.81,6354.23,6504.33,6336.4,39.72685864,687.80260419
801880,2021-07-13,6430.93,6452.54,6458.28,6372.79,34.4393266,536.29497593
801880,2021-07-14,6206.2,6401.1,6401.14,6203.09,33.76713458,603.30111082
801880,2021-07-15,6116.41,6156.61,6179.59,6019.5,32.7931945,557.1677022
801880,2021-07-16,6072.51,6099.05,6147.93,6057.38,29.53387069,514.1226006
801880,2021-07-19,6056.97,6038.34,6091.7,6005.87,26.85013394,427.20947408
801880,2021-07-20,6105.76,5997.63,6105.76,5997.63,23.95462825,369.02773346
801880,2021-07-21,6254.74,6142.49,6271.38,6142.48,32.16660252,528.47895522
801880,2021-07-22,6301.72,6294.31,6305.07,6256.45,34.47285099,578.31873199
801880,2021-07-23,6369.17,6297.34,6418.82,6281.63,39.60256924,627.7532628
801880,2021-07-26,6188.42,6324.84,6326.45,6088.99,40.66951583,605.59079175
801880,2021-07-27,6024.11,6178.06,6269.19,6024.11,39.32313537,585.07492107
801880,2021-07-28,5874.43,5926.87,5987.07,5771.04,36.92263955,512.34656741
801880,2021-07-29,6116.78,5989.45,6131.6,5973.06,34.14176201,528.66434265
801880,2021-07-30,6187.65,6081.24,6231.1,6053.03,33.04587282,553.73157728
801880,2021-08-02,6508.66,6271.78,6508.73,6271.78,38.62977948,713.04643111
801880,2021-08-03,6393.55,6535.11,6537.21,6371.61,41.27865547,658.36898583
801880,2021-08-04,6654.52,6396.15,6654.52,6396.13,38.18080775,660.21985675
801880,2021-08-05,6655.5,6606.44,6701.08,6546.78,39.23090717,619.4192896
801880,2021-08-09,6661.15,6636.73,6672.43,6562.4,33.9381742,560.5122334
801880,2021-08-10,6673.99,6658.97,6719.81,6575.6,34.89384998,578.7933358
801880,2021-08-11,6693.01,6679.15,6712.41,6596.55,34.95680474,556.48323506
801880,2021-08-12,6846.98,6676.57,6890.09,6620.29,45.99395076,733.55956733
801880,2021-08-13,6752.32,6787.09,6849.24,6726.0,40.24221013,589.10038544
801880,2021-08-16,6661.39,6715.81,6743.64,6652.13,35.88552217,579.5604478
801880,2021-08-17,6458.02,6648.18,6698.86,6437.48,38.29354222,570.02185625
801880,2021-08-18,6456.16,6472.22,6503.91,6397.42,28.44222022,446.26342529
801880,2021-08-19,6556.72,6452.1,6608.73,6419.84,29.71348919,526.58549087
801880,2021-08-20,6490.81,6513.19,6531.7,6399.99,27.70157113,465.29370089
801880,2021-08-23,6647.77,6487.08,6663.6,6471.04,31.47494294,550.78372087
801880,2021-08-24,6678.31,6676.34,6761.6,6656.81,34.4660506,580.72497868
801880,2021-08-25,6679.3,6675.72,6679.37,6588.78,31.48526848,497.66007139
801880,2021-08-26,6542.59,6673.77,6681.6,6539.18,33.23584993,487.58442887
801880,2021-08-27,6675.75,6525.06,6701.54,6524.72,37.53923195,583.57158241
801880,2021-08-30,6691.51,6627.56,6737.43,6595.46,37.5954583,641.47530614
801880,2021-08-31,6669.58,6706.54,6706.6,6581.56,34.32299893,546.27130104
801880,2021-09-01,6559.15,6669.89,6674.82,6429.57,36.73266725,546.61522366
801880,2021-09-02,6624.05,6547.88,6633.11,6547.87,34.89419445,454.70924035
801880,2021-09-03,6496.99,6597.91,6623.64,6454.44,36.51698215,498.5415364
801880,2021-09-06,6657.1,6521.54,6667.5,6485.65,31.33001476,491.8075
801880,2021-09-07,6758.47,6665.02,6768.49,6646.93,36.8141219,497.60818847
801880,2021-09-08,6696.76,6757.7,6766.34,6664.16,36.08047956,451.31064576
801880,2021-09-09,6696.84,6684.91,6746.08,6633.9,35.50991428,456.61034066
801880,2021-09-10,6652.31,6710.86,6710.9,6611.87,34.69386395,467.21141426
801880,2021-09-13,6604.25,6671.91,6671.91,6576.35,35.717242,490.13314305
801880,2021-09-14,6599.02,6600.38,6704.8,6552.09,35.99833612,518.32912853
801880,2021-09-15,6567.01,6576.11,6576.77,6512.81,26.34044159,380.85935366
801880,2021-09-16,6355.89,6552.99,6553.0,6355.89,32.99886175,460.37852271
801880,2021-09-17,6352.82,6370.34,6405.08,6260.27,26.9356962,356.48774594
801880,2021-09-22,6277.59,6255.35,6294.14,6228.88,20.33711951,286.86778768
801880,2021-09-23,6311.3,6328.61,6364.54,6307.23,23.55335133,324.2447666
801880,2021-09-24,6257.33,6319.0,6329.69,6250.62,23.34134538,313.91859315
801880,2021-09-27,6178.14,6287.17,6327.05,6108.38,25.95828321,343.57173787
801880,2021-09-28,6129.95,6178.09,6178.1,6117.6,19.69403443,288.20553039
801880,2021-09-29,5954.25,6069.02,6069.21,5954.25,23.65944577,351.95545621
801880,2021-09-30,6076.62,5982.75,6080.82,5982.05,18.46744977,289.19604393
801880,2021-10-11,6246.21,6187.14,6292.76,6151.91,19.28053213,317.5139447
801880,2021-10-12,6181.4,6240.41,6296.97,6122.07,20.30527792,334.25463243
801880,2021-10-13,6367.53,6188.81,6369.28,6173.89,21.10951035,380.11580278
801880,2021-10-14,6434.99,6361.38,6454.29,6361.38,21.048457,346.23234131
801880,2021-10-15,6498.38,6433.37,6525.64,6399.21,21.75192985,385.35173232
801880,2021-10-18,6566.13,6496.52,6566.82,6485.1,22.40874421,373.11242744
801880,2021-10-19,6570.58,6575.65,6644.31,6550.23,20.95601038,359.20321718
801880,2021-10-20,6632.66,6577.52,6663.83,6564.03,24.59973985,423.90939064
801880,2021-10-21,6568.24,6629.44,6630.75,6541.12,22.45861279,366.16179794
801880,2021-10-25,6781.26,6605.2,6781.26,6589.76,22.14303526,438.01256298
801880,2021-10-26,6805.8,6892.88,6929.67,6801.73,25.79653165,501.84188985
801880,2021-10-27,6759.87,6758.21,6826.81,6710.23,24.98529358,413.11395238
801880,2021-10-28,6577.95,6717.44,6741.47,6547.32,27.4711802,455.23716799
801880,2021-10-29,6678.2,6560.23,6678.2,6492.85,24.79164129,448.27750195
801880,2021-11-01,6649.12,6629.74,6696.1,6571.51,29.2233576,512.05679077
801880,2021-11-02,6689.86,6684.99,6795.66,6619.78,29.84872558,502.53708501
801880,2021-11-03,6619.43,6664.51,6688.53,6548.91,22.43182669,375.84611676
801880,2021-11-04,6847.04,6681.84,6871.41,6681.74,30.86474606,537.87884644
801880,2021-11-05,6837.64,6841.84,6930.1,6814.06,33.11288256,513.26346423
801880,2021-11-08,6883.08,6830.75,6892.98,6830.75,30.25935061,478.18452337
801880,2021-11-09,6900.96,6879.32,6945.14,6868.0,26.77467393,426.71496109
801880,2021-11-10,6818.17,6850.18,6869.84,6715.53,28.94720706,469.69194874
801880,2021-11-11,6856.45,6819.67,6880.92,6800.45,28.93481338,446.03808706
801880,2021-11-12,6921.39,6875.95,6928.59,6840.91,34.08553035,515.2015187
801880,2021-11-15,6841.49,6959.02,6963.18,6806.73,39.40068279,648.08644489
801880,2021-11-16,6753.1,6813.65,6822.56,6730.07,35.29194115,547.4843661
801880,2021-11-17,6834.57,6801.67,6835.77,6773.3,34.84784788,528.28294693
801880,2021-11-18,6768.97,6829.34,6829.34,6755.44,36.5504556,531.19763632
801880,2021-11-19,6859.15,6769.18,6876.76,6722.49,37.12413449,576.58453138
801880,2021-11-22,7079.43,6882.93,7080.31,6882.93,40.09211273,709.0833004
801880,2021-11-23,7076.84,7055.94,7094.74,7031.91,41.09307992,650.17217659
801880,2021-11-24,7003.16,7048.68,7073.21,6990.93,33.21490695,542.60528172
801880,2021-11-25,6917.97,6999.39,6999.39,6888.35,31.47743522,523.88102444
801880,2021-11-26,6910.58,6899.32,6947.85,6880.91,29.62606766,465.19093132
801880,2021-11-29,6979.69,6790.64,6984.09,6769.6,33.75446594,548.66682303
801880,2021-11-30,7026.94,7036.01,7065.61,6983.03,37.57081548,596.8348672
801880,2021-12-01,7039.35,7024.7,7039.38,6980.72,35.17921658,537.54405482
801880,2021-12-02,7121.86,7031.88,7146.42,7014.57,45.17354371,707.63539458
801880,2021-12-03,7080.31,7101.64,7128.13,7044.85,41.0641079,684.01443028
801880,2021-12-06,6980.72,7055.6,7083.2,6970.67,37.85433645,610.50578205
801880,2021-12-07,6873.74,7024.35,7024.37,6834.49,38.08985178,641.26349026
801880,2021-12-08,6999.95,6889.08,6999.95,6877.33,34.62078828,555.61866807
801880,2021-12-09,7024.84,7003.02,7029.64,6987.65,38.71332537,593.80816457
801880,2021-12-10,7023.34,6973.47,7028.01,6943.26,42.130402,589.83061011
801880,2021-12-13,7007.84,7037.4,7037.4,6979.82,40.79183009,578.33633584
801880,2021-12-14,6910.15,6975.49,6975.49,6883.36,40.06450974,585.01480964
801880,2021-12-15,6872.75,6894.92,6922.46,6855.02,34.42794674,490.97852209
801880,2021-12-16,6901.58,6865.68,6901.58,6794.23,36.47738881,557.45640714
801880,2021-12-17,6770.41,6869.51,6869.51,6769.28,35.24650258,488.84961398
801880,2021-12-20,6672.66,6752.17,6771.16,6666.57,38.86902641,542.52343116
801880,2021-12-21,6790.86,6667.57,6790.86,6667.57,40.62932535,485.0933729
801880,2021-12-22,6834.15,6821.0,6849.07,6789.06,37.61260148,497.11021581
801880,2021-12-23,6952.67,6854.34,6959.24,6829.89,39.95375342,624.39838118
801880,2021-12-24,6760.84,6979.23,6979.23,6743.78,38.51626918,602.12420253
801880,2021-12-27,6720.31,6739.32,6767.83,6690.25,29.30605913,453.45883213
801880,2021-12-28,6749.66,6734.96,6749.66,6687.41,27.50330997,420.99974372
801880,2021-12-29,6697.61,6742.88,6742.88,6653.0,25.46838424,386.36643039
801880,2021-12-30,6680.96,6683.58,6736.14,6680.44,25.07408212,371.61020047
801880,2021-12-31,6689.82,6712.2,6718.83,6666.66,25.39973516,384.05824774
801880,2022-01-04,6686.64,6744.02,6753.48,6647.3,30.23673072,457.76842246
801880,2022-01-05,6513.72,6650.4,6650.4,6481.04,29.49189854,471.88240745
801880,2022-01-06,6508.62,6468.05,6523.62,6423.07,28.89523239,424.28832644
801880,2022-01-07,6427.3,6519.01,6550.33,6426.16,30.69339051,426.88261902
801880,2022-01-10,6492.67,6413.33,6496.59,6348.42,23.96356248,362.14126729
801880,2022-01-11,6385.49,6488.88,6514.32,6375.02,24.51342403,371.85826097
801880,2022-01-12,6555.96,6428.01,6555.96,6427.94,26.29117269,433.56482244
801880,2022-01-13,6502.15,6566.56,6579.85,6484.06,30.59677341,436.44013022
801880,2022-01-14,6516.37,6459.41,6559.76,6442.44,30.54251702,437.31743189
801880,2022-01-17,6664.68,6516.88,6679.64,6516.87,29.05268713,484.96429577
801880,2022-01-18,6635.06,6650.9,6657.28,6610.19,27.26932979,407.20073557
801880,2022-01-19,6491.71,6611.18,6619.65,6451.73,24.98331358,406.81890079
801880,2022-01-20,6382.03,6474.94,6556.78,6369.19,25.70747353,371.7358957
801880,2022-01-21,6294.14,6361.29,6361.29,6283.89,20.92549244,307.89017291
801880,2022-01-24,6305.35,6252.97,6328.04,6230.32,18.25400685,279.70578994
801880,2022-01-25,6072.83,6276.49,6317.89,6072.2,24.41820214,338.15673068
801880,2022-01-26,6171.22,6105.14,6183.8,6091.62,18.61316485,295.14651022
801880,2022-01-27,5991.13,6162.88,6163.69,5987.93,21.58087963,290.41770752
801880,2022-01-28,5912.87,6004.76,6013.05,5825.14,20.67991487,326.13844025
801880,2022-02-07,6035.01,6032.98,6102.55,6018.64,20.3355324,293.06016365
801880,2022-02-08,5986.78,6024.26,6024.26,5886.97,21.60636523,295.6302912
801880,2022-02-09,6082.07,5997.67,6088.32,5959.88,20.58711543,311.58470112
801880,2022-02-10,6010.45,6087.44,6087.77,5977.61,19.67805064,278.34751049
801880,2022-02-11,5847.87,5967.63,5967.97,5839.22,21.40763286,309.4847287
801880,2022-02-14,5820.95,5817.52,5879.16,5770.44,20.40205583,270.24696407
801880,2022-02-15,5927.68,5825.79,5927.68,5817.17,21.54331114,299.75092568
801880,2022-02-16,5976.44,5966.26,6005.37,5957.66,21.06456879,281.44979633
801880,2022-02-17,5987.19,5978.04,6026.96,5936.24,19.69103192,280.6425071
801880,2022-02-18,5972.13,5934.92,5972.13,5920.64,16.84732621,219.58974111
801880,2022-02-21,5966.43,5955.36,5971.98,5927.11,18.52222976,237.21445402
801880,2022-02-22,5866.45,5921.31,5921.49,5838.44,19.75376013,257.77548328
801880,2022-02-23,6052.3,5892.74,6053.17,5892.74,22.24336125,363.83422225
801880,2022-02-24,5893.4,6011.57,6063.43,5826.13,34.20184399,438.99750886
801880,2022-02-25,5957.58,5948.4,6010.48,5945.13,23.17377302,316.3712614
801880,2022-02-28,5945.63,5950.26,5961.62,5872.38,19.82313583,275.10686678
801880,2022-03-01,6000.88,5994.77,6028.03,5961.91,22.09476522,324.73836854
801880,2022-03-02,5952.95,5959.23,5959.42,5919.82,21.30608424,292.93018022
801880,2022-03-04,5691.4,5759.27,5766.32,5665.41,25.22539942,385.08598536
801880,2022-03-07,5504.24,5635.59,5635.66,5480.99,23.33677171,341.0138402
801880,2022-03-08,5309.33,5489.48,5522.36,5265.0,26.03719007,364.82999665
801880,2022-03-09,5286.53,5324.94,5372.27,5047.07,28.94088955,369.27566979
801880,2022-03-10,5406.17,5422.13,5455.84,5402.81,20.97105188,319.07409694
801880,2022-03-11,5420.96,5319.91,5428.63,5254.47,22.90304547,312.13497823
801880,2022-03-14,5267.57,5353.28,5373.25,5267.57,19.73942162,261.3742761
801880,2022-03-15,5023.68,5211.73,5268.14,5023.68,26.89749671,324.76514953
801880,2022-03-16,5252.8,5126.94,5256.39,4972.93,28.31469291,385.18698473
801880,2022-03-17,5370.69,5363.79,5446.83,5345.69,28.3353781,415.09020714
801880,2022-03-18,5386.02,5352.73,5398.52,5327.37,23.43600884,307.79272475
801880,2022-03-21,5447.87,5420.91,5487.46,5388.53,24.76938332,355.68526934
801880,2022-03-22,5450.27,5425.93,5483.11,5405.24,23.39918111,295.91968102
801880,2022-03-24,5418.78,5441.45,5453.0,5399.49,21.60935612,276.39391469
801880,2022-03-25,5312.83,5425.66,5439.61,5310.26,23.08251035,307.12230403
801880,2022-03-28,5267.0,5280.48,5307.33,5203.59,24.28252697,292.70756021
801880,2022-03-29,5220.99,5287.27,5308.14,5205.77,20.96879219,253.28034171
801880,2022-03-30,5350.63,5230.66,5350.63,5208.21,22.40178753,312.65226123
801880,2022-04-01,5283.5,5222.11,5308.17,5220.43,20.38261705,262.7907947
801880,2022-04-06,5263.61,5310.24,5310.26,5237.89,21.85017603,285.55137186
801880,2022-04-07,5145.38,5241.99,5270.25,5145.38,23.13534532,281.19177287
801880,2022-04-08,5145.21,5148.15,5161.0,5061.54,22.54973339,292.38668128
801880,2022-04-11,4905.33,5099.96,5100.14,4888.13,24.01017825,296.9316939
801880,2022-04-12,4997.98,4885.71,4998.59,4857.88,20.68891674,243.42811294
801880,2022-04-13,4927.09,4970.14,4995.82,4923.04,18.64959008,209.00811242
801880,2022-04-15,5004.7,4956.2,5043.24,4899.43,22.9562256,287.40299944
801880,2022-04-18,5111.39,5010.56,5111.39,4978.52,25.96838304,327.48181471
801880,2022-04-19,5092.25,5132.27,5193.12,5076.91,26.36215542,352.72845129
801880,2022-04-20,5064.88,5095.89,5146.01,5046.13,25.21585977,307.83289077
801880,2022-04-21,4879.44,5019.57,5033.0,4862.57,26.15711473,298.22456134
801880,2022-04-22,4861.25,4840.29,4897.21,4793.2,22.05763428,250.3308443
801880,2022-04-25,4552.37,4774.15,4774.2,4549.47,29.2578885,301.50095881
801880,2022-04-26,4432.16,4557.2,4593.53,4419.02,26.65071559,279.47948933
801880,2022-04-27,4567.21,4342.41,4567.21,4281.57,28.51577613,314.22302768
801880,2022-04-28,4544.0,4543.7,4596.42,4489.97,22.74280539,249.94347102
801880,2022-04-29,4778.03,4589.5,4781.65,4589.38,26.46414094,313.04087854
801880,2022-05-06,4816.01,4783.15,4856.74,4761.99,24.6640878,272.58715881
801880,2022-05-10,4809.86,4662.23,4810.95,4641.62,22.53304208,270.70681932
801880,2022-05-11,4988.94,4806.57,5099.75,4806.56,33.03762507,464.53405717
801880,2022-05-12,4990.92,4949.85,5022.93,4941.5,24.74392595,323.79897483
801880,2022-05-13,5220.88,5025.71,5221.77,5021.01,37.79944513,478.10219172
801880,2022-05-16,5159.35,5252.45,5252.45,5143.25,34.68923005,408.4618963
801880,2022-05-17,5321.92,5155.67,5350.31,5155.67,38.05620818,470.94271572
801880,2022-05-18,5369.94,5321.07,5452.95,5279.19,44.36640598,523.92357062
801880,2022-05-19,5408.35,5272.53,5410.18,5272.44,40.35608983,444.81396904
801880,2022-05-20,5451.61,5430.9,5477.8,5376.89,36.81806625,422.60256018
801880,2022-05-23,5557.3,5485.5,5568.59,5425.87,42.60508922,506.64804341
801880,2022-05-24,5441.76,5630.86,5723.21,5441.76,63.55259766,741.07298865
801880,2022-05-25,5562.34,5411.17,5580.66,5390.34,52.78038396,556.91277155
801880,2022-05-26,5524.97,5556.47,5568.06,5442.36,52.7898884,464.51464447
801880,2022-05-27,5531.59,5550.9,5640.57,5477.09,50.84394082,471.52977699
801880,2022-05-30,5675.72,5577.07,5682.61,5534.93,52.92549326,553.14495426
801880,2022-05-31,5650.46,5671.66,5671.78,5603.93,46.70320093,512.17871209
801880,2022-06-01,5768.95,5694.0,5820.06,5694.0,54.93512672,609.95672385
801880,2022-06-02,5933.53,5733.57,5956.43,5733.57,60.48431189,657.35760833
801880,2022-06-06,6042.23,5957.24,6082.93,5944.97,56.8941687,727.36799961
801880,2022-06-07,5914.43,6022.06,6022.08,5860.68,51.48136967,615.69723802
801880,2022-06-08,6031.63,5926.73,6031.63,5837.17,57.35389696,676.77656557
801880,2022-06-09,5841.59,6032.82,6033.11,5824.92,45.39154483,565.3399386
801880,2022-06-10,6122.47,5800.83,6138.75,5800.83,50.69433842,721.51731734
801880,2022-06-13,6245.18,6102.63,6297.01,6102.63,57.42545448,832.4773831
801880,2022-06-14,6379.2,6166.06,6379.23,6062.13,71.10450666,933.82055054
801880,2022-06-15,6290.21,6389.05,6481.64,6290.21,74.17556675,983.85196444
801880,2022-06-16,6264.91,6280.47,6351.86,6227.41,54.55812144,679.22485451
801880,2022-06-17,6367.89,6200.67,6386.17,6200.67,51.89850455,696.9876436
801880,2022-06-20,6419.51,6396.21,6470.85,6358.2,52.91663355,715.3315553
801880,2022-06-21,6362.64,6399.35,6408.64,6274.75,56.64518829,704.38442307
801880,2022-06-22,6345.36,6380.42,6483.59,6339.88,57.47212809,681.77787911
801880,2022-06-23,6695.97,6389.87,6695.97,6389.87,81.20604893,1014.03191664
801880,2022-06-24,6739.88,6707.2,6790.61,6627.98,73.21394447,918.44812754
801880,2022-06-27,6795.91,6768.02,6839.14,6675.69,70.56511445,941.92213099
801880,2022-06-28,6917.95,6763.34,6970.21,6732.38,74.36088833,992.0331252
801880,2022-06-29,6505.29,6889.73,6889.76,6504.94,82.11855859,1120.20902165
801880,2022-06-30,6472.76,6455.01,6568.55,6427.82,58.45263598,796.87861275
801880,2022-07-01,6490.27,6456.49,6530.86,6333.47,51.24421503,728.54880048
801880,2022-07-04,6491.72,6483.98,6496.34,6394.66,42.21737905,621.77418659
801880,2022-07-05,6401.9,6495.95,6559.76,6334.28,43.77454034,645.21551201
801880,2022-07-06,6437.69,6375.42,6502.6,6371.48,41.60220357,612.94716916
801880,2022-07-07,6693.16,6436.58,6704.6,6423.77,59.21113728,898.89051536
801880,2022-07-08,6542.27,6691.13,6691.13,6542.27,55.58311697,751.88885687
801880,2022-07-11,6352.86,6495.39,6495.48,6287.09,45.18433477,625.95609199
801880,2022-07-12,6209.28,6342.57,6380.61,6162.63,39.58426016,653.1029494
801880,2022-07-13,6254.97,6205.39,6287.9,6129.8,35.85376069,560.74570188
801880,2022-07-14,6393.82,6229.15,6426.7,6227.06,38.04725965,583.9426735
801880,2022-07-15,6484.48,6413.96,6617.89,6413.95,49.39296041,811.09225328
801880,2022-07-18,6627.48,6531.29,6627.48,6484.88,46.57067955,694.17168333
801880,2022-07-19,6641.44,6633.04,6756.89,6578.0,53.20418498,764.97140731
801880,2022-07-20,6626.31,6642.31,6642.86,6574.29,42.73056156,554.33277924
801880,2022-07-21,6592.13,6595.8,6653.33,6536.72,47.66911419,649.48112481
801880,2022-07-22,6646.51,6608.93,6711.64,6586.95,44.25094126,616.01476393
801880,2022-07-25,6491.7,6624.36,6624.36,6452.07,41.63167313,579.40469573
801880,2022-07-26,6577.12,6493.35,6603.76,6446.14,37.7149457,527.98714095
801880,2022-07-27,6683.7,6565.38,6690.82,6552.24,39.62311151,570.99721484
801880,2022-07-28,6729.51,6722.18,6803.76,6688.67,41.76667668,620.59923826
801880,2022-07-29,6802.32,6714.93,6847.23,6713.02,49.10177695,722.92098565
801880,2022-08-01,6946.26,6789.99,6947.07,6734.9,59.11897016,886.51822092
801880,2022-08-02,6746.69,6831.49,6846.89,6675.77,60.57768889,841.40766993
801880,2022-08-03,6605.31,6749.59,6914.33,6563.12,60.34422689,884.20090483
801880,2022-08-04,6539.92,6638.61,6638.61,6424.23,47.02921297,681.64884533
801880,2022-08-05,6505.86,6561.07,6612.78,6418.06,41.92397233,578.80875902
801880,2022-08-08,6611.67,6487.99,6621.82,6441.05,42.94401123,594.43324612
801880,2022-08-09,6571.98,6621.73,6667.53,6564.65,43.29081669,597.73441904
801880,2022-08-10,6508.54,6560.09,6610.43,6473.59,44.65518624,676.42882859
801880,2022-08-11,6548.19,6524.27,6563.58,6431.42,45.84930773,658.86902217
801880,2022-08-12,6474.48,6537.07,6561.73,6472.19,39.8298233,519.87171563
801880,2022-08-15,6495.93,6446.67,6548.47,6431.75,37.03096305,528.45980009
801880,2022-08-16,6576.56,6503.44,6630.19,6496.85,44.07313356,625.2641378
801880,2022-08-17,6651.55,6577.62,6659.37,6525.09,47.31177352,675.46879379
801880,2022-08-18,6672.38,6650.41,6717.94,6648.35,46.46153626,650.05696259
801880,2022-08-19,6500.57,6663.46,6663.46,6500.57,45.22772345,638.27593332
801880,2022-08-22,6580.1,6466.56,6588.9,6420.92,37.67689782,556.12674348
801880,2022-08-23,6599.31,6574.42,6629.08,6558.91,35.55985992,516.76159949
801880,2022-08-24,6321.51,6600.9,6604.39,6316.68,49.71205409,669.66590976
801880,2022-08-25,6305.42,6330.4,6331.2,6201.18,36.20261707,504.65519129
801880,2022-08-26,6337.79,6322.54,6374.05,6292.4,35.00839635,475.53145958
801880,2022-08-29,6322.98,6254.28,6340.15,6232.43,30.89686886,401.31599297
801880,2022-08-30,6266.49,6318.38,6357.75,6243.25,27.92139543,383.22104824
801880,2022-08-31,5996.25,6171.66,6185.96,5974.36,35.32745082,558.11961978
801880,2022-09-01,5960.33,5983.87,6027.23,5948.98,24.58887414,364.80169195
801880,2022-09-02,6007.09,5980.5,6029.55,5916.51,24.98835651,359.22478311
801880,2022-09-05,5937.34,5939.69,5960.45,5866.91,25.92791789,412.10187455
801880,2022-09-06,6079.13,5964.37,6079.13,5956.66,28.88267809,423.91479792
801880,2022-09-07,6167.8,6065.49,6204.45,6056.36,30.46782245,448.18391534
801880,2022-09-08,6136.8,6178.42,6231.16,6130.27,32.87566974,430.76268186
801880,2022-09-09,6122.66,6149.84,6149.87,6063.95,26.55250762,329.31353104
801880,2022-09-13,6190.18,6150.18,6206.99,6120.28,26.37188574,360.40996086
801880,2022-09-14,6073.19,6106.56,6143.85,6025.9,28.05386049,368.23906676
801880,2022-09-15,5859.9,6093.71,6093.72,5800.68,34.27792699,455.60063928
801880,2022-09-16,5742.92,5829.73,5869.71,5742.92,27.25408405,344.22167169
801880,2022-09-19,5757.1,5743.12,5826.47,5734.05,27.49369029,355.92236614
801880,2022-09-20,5860.72,5807.57,5928.07,5807.29,30.3859467,392.06342212
801880,2022-09-21,5837.91,5827.65,5869.64,5751.93,31.42863857,376.12845952
801880,2022-09-22,5786.31,5788.67,5845.27,5736.38,26.61964642,343.49072514
801880,2022-09-23,5667.12,5779.65,5815.35,5620.2,26.70361808,332.58291343
801880,2022-09-26,5683.04,5643.7,5771.89,5619.95,25.32167893,336.44628767
801880,2022-09-27,5729.99,5701.17,5737.69,5638.62,24.56640463,307.52620872
801880,2022-09-28,5527.52,5710.41,5710.53,5527.52,24.47484071,298.30062635
801880,2022-09-29,5520.44,5590.95,5597.64,5496.86,22.80973755,281.24025914
801880,2022-09-30,5366.04,5506.89,5506.92,5362.77,20.8092285,287.8966092
801880,2022-10-10,5223.09,5347.77,5365.37,5213.22,19.75502508,259.62982908
801880,2022-10-11,5302.81,5240.18,5312.44,5223.26,18.44348181,237.74705034
801880,2022-10-12,5498.81,5308.63,5498.81,5232.8,26.58225313,329.58747571
801880,2022-10-13,5486.78,5468.78,5539.96,5465.84,24.15063363,315.28802876
801880,2022-10-14,5599.35,5537.84,5642.75,5514.44,25.16024601,340.63063311
801880,2022-10-17,5580.92,5569.96,5603.22,5514.17,24.71919832,325.85824088
801880,2022-10-18,5622.08,5686.15,5698.68,5608.72,26.57488258,379.99878878
801880,2022-10-19,5567.21,5600.75,5663.29,5565.08,24.91831624,321.49232111
801880,2022-10-20,5476.86,5529.96,5537.87,5397.47,29.25507425,368.5718141
801880,2022-10-21,5457.54,5479.82,5529.38,5441.78,22.91618731,281.69354702
801880,2022-10-24,5376.56,5467.25,5528.39,5341.15,26.28106115,332.21402816
801880,2022-10-25,5491.92,5359.83,5506.0,5300.1,32.80123861,383.70166306
801880,2022-10-26,5507.04,5505.4,5559.68,5470.78,34.5218076,430.95266599
801880,2022-10-27,5480.09,5521.93,5574.29,5479.68,30.33042244,370.37943215
801880,2022-10-28,5235.17,5459.71,5459.71,5212.76,32.88171695,425.15950835
801880,2022-10-31,5285.21,5200.34,5351.7,5200.34,28.24976131,354.78472836
801880,2022-11-01,5490.18,5298.76,5490.18,5296.23,30.6685966,397.08513056
801880,2022-11-02,5671.78,5473.43,5702.38,5473.43,37.96957263,510.0821898
801880,2022-11-03,5684.09,5635.48,5737.53,5635.48,33.33075079,439.43514325
801880,2022-11-04,5901.88,5695.7,5910.36,5695.7,39.6443105,556.81054031
801880,2022-11-07,5888.58,5884.13,5924.23,5835.56,34.87059957,437.36683501
801880,2022-11-08,5843.3,5886.23,5892.05,5804.46,28.33331567,352.56055326
801880,2022-11-09,5790.01,5855.11,5869.95,5785.76,27.10935403,330.52851982
801880,2022-11-10,5709.48,5749.73,5749.8,5678.27,30.53057894,368.7508368
801880,2022-11-11,5763.34,5861.93,5873.94,5748.66,44.29970376,464.55071638
801880,2022-11-14,5665.47,5754.24,5790.47,5644.92,33.27561235,362.42903667
801880,2022-11-15,5787.81,5657.52,5787.81,5640.72,32.43920267,377.36787707
801880,2022-11-16,5718.92,5782.18,5800.44,5701.94,31.27745332,352.34363668
801880,2022-11-17,5635.64,5692.9,5692.9,5579.75,31.94608161,352.39184662
801880,2022-11-18,5573.52,5640.87,5655.79,5570.8,28.12349934,322.93763968
801880,2022-11-21,5623.09,5541.61,5623.09,5494.48,27.70439616,328.39579327
801880,2022-11-22,5556.66,5620.94,5629.84,5545.03,27.18807513,319.88411343
801880,2022-11-23,5553.12,5551.68,5568.79,5479.91,27.52376333,307.16407525
801880,2022-11-24,5541.39,5566.86,5593.61,5527.39,25.14083558,283.64576378
801880,2022-11-25,5459.45,5525.43,5525.54,5457.43,23.2549068,259.22190001
801880,2022-11-28,5431.27,5380.38,5431.44,5339.58,23.35591406,249.4040087
801880,2022-11-29,5504.87,5436.6,5514.4,5418.9,26.15725798,304.9606941
801880,2022-11-30,5710.0,5503.52,5731.71,5493.57,48.49862435,600.12294011
801880,2022-12-01,5745.41,5804.26,5832.86,5745.01,43.66850218,580.58636239
801880,2022-12-02,5667.28,5727.71,5734.29,5661.73,29.56871734,351.32209499
801880,2022-12-05,5695.23,5709.72,5732.34,5671.22,31.77847842,367.06969697
801880,2022-12-06,5730.24,5664.97,5762.88,5629.19,34.18667882,402.34103946
801880,2022-12-07,5745.88,5716.65,5818.33,5716.65,31.39342434,398.0012965
801880,2022-12-08,5722.76,5730.43,5764.67,5705.85,25.5186047,296.9900781
801880,2022-12-09,5703.49,5720.93,5734.14,5675.73,23.61687619,290.89619768
801880,2022-12-12,5631.56,5676.74,5676.74,5622.38,22.9251999,270.76002335
801880,2022-12-13,5589.26,5635.7,5683.03,5585.55,22.57365259,264.49153672
801880,2022-12-14,5559.73,5574.45,5599.61,5543.48,20.08523489,240.02302474
801880,2022-12-15,5691.42,5563.68,5696.14,5546.67,28.07320757,342.31162023
801880,2022-12-16,5596.39,5656.1,5676.26,5573.62,22.33720436,264.74667863
801880,2022-12-19,5551.92,5607.92,5695.23,5536.26,27.60379796,323.68923026
801880,2022-12-20,5531.73,5525.88,5538.95,5483.22,25.55671809,296.99246426
801880,2022-12-21,5446.62,5525.15,5525.52,5427.28,21.68647689,244.36868617
801880,2022-12-22,5411.67,5477.09,5507.38,5397.95,23.27260761,266.19592324
801880,2022-12-23,5304.32,5371.51,5371.55,5270.03,20.37164586,238.76227908
801880,2022-12-26,5455.46,5297.19,5458.07,5297.19,19.89601293,243.64222308
801880,2022-12-27,5460.33,5464.49,5470.52,5392.4,19.09391771,219.42253745
801880,2022-12-28,5314.79,5415.21,5415.37,5308.89,20.37588216,250.81680536
801880,2022-12-29,5304.86,5307.29,5382.23,5294.53,19.48502799,219.63554698
801880,2022-12-30,5342.91,5356.86,5409.09,5336.37,19.73964315,228.09142406
801880,2023-01-03,5416.62,5330.24,5424.68,5291.88,24.09040792,278.22573227
801880,2023-01-04,5385.99,5396.15,5403.49,5352.14,20.57002128,246.34576487
801880,2023-01-05,5488.97,5422.6,5518.22,5412.7,25.46025084,329.37514288
801880,2023-01-06,5552.36,5488.56,5586.66,5488.56,26.16533561,354.41492275
801880,2023-01-09,5587.39,5578.39,5632.31,5571.13,27.9850461,379.7428238
801880,2023-01-10,5673.2,5595.5,5695.3,5531.85,34.24592235,454.38222714
801880,2023-01-11,5614.94,5649.81,5674.11,5611.03,28.09426281,347.22515696
801880,2023-01-12,5664.25,5631.64,5732.21,5631.6,25.15143288,343.96463123
801880,2023-01-13,5668.8,5672.15,5698.49,5634.57,24.49537825,313.75594001
801880,2023-01-16,5653.52,5664.21,5691.97,5630.29,27.36476277,366.20323377
801880,2023-01-17,5641.5,5659.65,5664.36,5619.77,20.46596168,267.14943716
801880,2023-01-18,5641.99,5651.96,5686.35,5637.17,21.8713762,270.07968909
801880,2023-01-19,5650.17,5629.96,5653.29,5612.46,20.19477588,247.8319681
801880,2023-01-20,5689.4,5654.53,5691.78,5643.84,23.49344663,302.58840086
801880,2023-01-30,5884.7,5866.49,5958.79,5866.46,42.35982532,583.05024093
801880,2023-01-31,5924.99,5886.14,5956.94,5880.0,37.01555402,492.05599712
801880,2023-02-01,6097.4,5945.38,6097.4,5942.84,43.12577465,569.89502639
801880,2023-02-02,6088.2,6110.02,6127.84,6059.35,38.35987969,478.71863371
801880,2023-02-03,6014.63,6072.07,6072.07,5949.01,34.11396958,427.54668717
801880,2023-02-06,5957.98,5994.86,6002.98,5935.5,31.15511951,375.56549416
801880,2023-02-07,6006.67,5976.47,6006.67,5945.16,28.2738024,355.69519807
801880,2023-02-08,5971.2,6002.51,6002.51,5942.06,27.99498058,356.16349949
801880,2023-02-09,6023.22,5958.85,6036.28,5945.02,30.98220557,408.13436159
801880,2023-02-10,5946.0,6006.64,6006.64,5919.49,28.81956427,366.18160815
801880,2023-02-13,6003.65,5928.42,6017.52,5907.09,30.97286318,394.84552659
801880,2023-02-14,5991.35,6014.85,6015.8,5954.6,28.41410714,360.44319295
801880,2023-02-15,5981.01,6005.29,6046.38,5973.97,29.11377031,376.25823394
801880,2023-02-16,5881.51,5984.54,6015.71,5844.62,38.39971945,459.64405919
801880,2023-02-17,5831.57,5881.35,5904.43,5828.1,27.22624273,330.23434941
801880,2023-02-20,5909.37,5848.13,5909.37,5809.08,30.04859871,376.86350254
801880,2023-02-21,5989.1,5916.7,6017.17,5916.7,35.04662086,464.5763533
801880,2023-02-22,5979.18,5965.76,5981.4,5948.37,28.46538119,385.82826757
801880,2023-02-23,6005.69,5975.53,6036.43,5974.16,32.04903821,421.9095605
801880,2023-02-24,5922.84,5989.08,5989.14,5898.98,28.52940017,369.57923122
801880,2023-02-27,5858.12,5899.26,5907.1,5843.63,25.84215111,357.18229894
801880,2023-02-28,5885.11,5871.02,5887.45,5826.82,22.92755529,304.36666171
801880,2023-03-01,5928.54,5885.74,5928.54,5854.03,25.3747089,354.77896211
801880,2023-03-02,5855.66,5923.74,5927.21,5844.42,27.01117757,380.92745586
801880,2023-03-03,5847.44,5857.78,5870.34,5817.38,22.54583235,285.73407284
801880,2023-03-06,5826.15,5852.95,5852.95,5761.71,24.76282497,331.59879311
801880,2023-03-07,5724.08,5820.34,5838.53,5724.08,27.09748769,330.66770538
801880,2023-03-08,5716.08,5698.49,5716.08,5680.97,19.53518494,252.88089818
801880,2023-03-09,5680.75,5720.59,5724.15,5668.47,21.61566287,273.50865479
801880,2023-03-10,5482.76,5636.79,5637.06,5482.72,35.8160378,461.88020778
801880,2023-03-13,5423.45,5441.83,5451.95,5378.43,28.57326127,352.74078458
801880,2023-03-14,5382.08,5419.62,5419.62,5267.64,27.58694082,373.26528302
801880,2023-03-15,5395.3,5406.24,5451.88,5388.17,19.44233098,273.95791627
801880,2023-03-16,5314.06,5361.95,5406.82,5306.93,20.3016776,263.19525097
801880,2023-03-17,5320.63,5352.08,5371.89,5307.83,19.51896057,270.2043873
801880,2023-03-20,5327.21,5321.68,5350.73,5286.01,20.48975119,276.70320433
801880,2023-03-21,5435.13,5345.35,5435.13,5323.28,21.87765501,315.7206958
801880,2023-03-22,5454.44,5462.31,5515.26,5436.53,21.34901269,318.24908172
801880,2023-03-23,5439.28,5438.27,5451.17,5409.25,17.4236124,244.75776307
801880,2023-03-24,5433.92,5443.23,5454.49,5421.77,20.77025126,254.89134192
801880,2023-03-27,5432.26,5433.21,5445.21,5391.95,20.15756424,262.45374998
801880,2023-03-28,5471.48,5441.35,5475.5,5433.66,20.65763774,284.50188915
801880,2023-03-29,5490.92,5482.49,5540.11,5482.4,21.18000334,318.43509553
801880,2023-03-30,5520.08,5491.68,5520.08,5451.74,19.768115,295.49984222
801880,2023-03-31,5552.97,5534.03,5589.04,5532.71,20.21392232,298.85429334
801880,2023-04-03,5532.25,5549.48,5549.48,5500.47,22.22966285,325.97714615
801880,2023-04-04,5437.75,5527.06,5527.06,5408.45,25.17540247,345.90023304
801880,2023-04-06,5399.0,5412.76,5414.18,5374.18,20.67319843,258.92799105
801880,2023-04-07,5419.48,5397.62,5438.97,5388.78,16.46726592,210.93768041
801880,2023-04-10,5383.71,5427.67,5427.69,5360.05,21.01136089,270.20722077
801880,2023-04-11,5367.27,5388.58,5389.54,5338.45,17.59298918,230.79644587
801880,2023-04-12,5320.61,5368.78,5368.88,5311.24,18.08498731,231.9030097
801880,2023-04-13,5271.43,5305.71,5310.38,5266.66,19.76389827,252.66676113
801880,2023-04-14,5343.17,5286.49,5361.19,5286.42,21.69188794,290.42183038
801880,2023-04-17,5402.45,5340.39,5413.8,5340.33,20.32353722,274.63834699
801880,2023-04-18,5395.69,5404.45,5417.23,5387.77,17.48988339,236.91080919
801880,2023-04-19,5342.44,5396.75,5396.84,5321.39,18.715419,238.70305993
801880,2023-04-20,5259.19,5332.58,5332.58,5248.84,18.9574782,229.70085751
801880,2023-04-21,5149.18,5252.99,5273.72,5147.66,21.2665536,248.29612068
801880,2023-04-24,5184.98,5147.51,5256.49,5098.68,22.73672743,290.5101091
801880,2023-04-25,5052.7,5170.15,5170.18,5003.61,23.64183027,267.63088049
801880,2023-04-26,5155.49,5035.8,5184.44,5035.8,22.13898607,258.5837616
801880,2023-04-27,5210.77,5146.77,5227.65,5146.77,23.04199764,278.1787182
801880,2023-04-28,5228.43,5231.94,5263.58,5206.94,26.59131093,296.66336936
801880,2023-05-04,5252.8,5232.75,5289.04,5230.63,24.30221107,292.48210962
801880,2023-05-05,5188.98,5258.01,5258.06,5159.82,20.56486686,247.79969379
801880,2023-05-08,5226.28,5214.62,5275.79,5211.42,27.42201944,258.03338418
801880,2023-05-09,5146.99,5208.19,5210.94,5146.99,24.46548898,246.01222735
801880,2023-05-10,5334.14,5151.9,5339.96,5141.5,32.24641552,421.81710413
801880,2023-05-11,5342.53,5338.51,5393.12,5293.25,27.21346047,374.67084155
801880,2023-05-12,5268.13,5339.15,5360.16,5266.48,20.53847028,243.43919446
801880,2023-05-15,5342.39,5270.34,5342.39,5266.31,18.86502619,252.37826887
801880,2023-05-16,5288.72,5344.45,5344.45,5278.07,19.22127012,220.64830931
801880,2023-05-17,5276.72,5283.01,5297.27,5242.4,18.48398036,207.37596577
801880,2023-05-18,5257.36,5282.36,5291.6,5229.82,18.79550458,231.12356021
801880,2023-05-19,5233.8,5239.01,5257.57,5206.87,16.45442517,186.67937585
801880,2023-05-22,5309.34,5247.97,5312.58,5218.33,19.42654722,253.82603234
801880,2023-05-23,5274.14,5306.86,5346.12,5274.14,18.20287567,230.47424655
801880,2023-05-24,5242.81,5256.94,5293.63,5231.03,17.65107927,204.73575432
801880,2023-05-25,5201.13,5229.63,5261.46,5157.5,18.38502933,235.37972497
801880,2023-05-26,5243.52,5195.16,5255.86,5100.84,23.88380345,317.12889278
801880,2023-05-29,5167.93,5252.09,5252.09,5151.56,21.07086773,269.57768418
801880,2023-05-30,5222.33,5164.41,5261.95,5164.41,21.46003257,304.75147745
801880,2023-05-31,5195.32,5213.5,5221.52,5178.42,19.40744304,255.394253
801880,2023-06-01,5194.67,5188.49,5235.3,5176.1,22.96317003,265.27046588
801880,2023-06-02,5280.89,5207.47,5285.55,5207.36,21.86159061,269.58159543
801880,2023-06-05,5299.47,5300.85,5311.95,5231.48,24.16830458,282.10591434
801880,2023-06-06,5221.72,5295.67,5295.67,5212.3,22.86527661,263.30861397
801880,2023-06-07,5158.6,5227.24,5229.61,5150.8,18.41517017,215.39749768
801880,2023-06-08,5136.48,5154.5,5169.71,5123.22,17.5927822,200.61294135
801880,2023-06-09,5234.2,5176.01,5234.2,5175.9,25.98127092,315.38567116
801880,2023-06-12,5393.34,5222.43,5403.94,5217.98,38.35916654,481.26640459
801880,2023-06-13,5438.91,5408.87,5441.42,5401.71,33.86458114,456.09221205
801880,2023-06-14,5454.58,5455.89,5492.66,5431.29,34.08042558,452.97407464
801880,2023-06-15,5547.97,5450.61,5576.41,5450.61,35.57361851,533.66602946
801880,2023-06-16,5542.78,5567.84,5590.66,5521.26,31.09297272,449.50236515
801880,2023-06-19,5569.48,5541.61,5627.16,5541.6,30.1003897,440.40222001
801880,2023-06-20,5593.41,5574.22,5621.9,5529.33,30.21689135,465.67208573
801880,2023-06-21,5584.02,5590.07,5653.33,5579.77,32.85682508,483.59792174
801880,2023-06-26,5540.38,5541.06,5667.97,5527.39,38.85890602,556.16814406
801880,2023-06-27,5565.82,5528.87,5569.55,5486.9,32.56539745,460.82568464
801880,2023-06-28,5593.77,5559.62,5611.52,5496.1,35.10200721,478.71618412
801880,2023-06-29,5611.03,5591.15,5647.43,5589.17,37.152477,497.17773351
801880,2023-06-30,5657.44,5591.73,5670.93,5581.26,37.05778101,491.38960443
801880,2023-07-03,5744.98,5695.29,5779.27,5695.29,45.83882847,635.09070813
801880,2023-07-04,5898.17,5763.09,5915.5,5760.1,60.15678299,846.67925919
801880,2023-07-05,5826.43,5909.53,5911.89,5817.64,54.4117862,717.07431466
801880,2023-07-06,5854.57,5808.71,5870.96,5775.18,43.7598747,615.68357859
801880,2023-07-07,5809.52,5821.86,5873.09,5802.37,46.29495609,614.9016552
801880,2023-07-10,5767.66,5828.99,5865.9,5754.14,39.8041016,554.27090543
801880,2023-07-11,5951.34,5784.14,5952.35,5767.81,51.2366353,752.94567185
801880,2023-07-12,5906.27,5964.78,6047.68,5895.21,65.15540926,917.2218648
801880,2023-07-13,5860.22,5887.23,5904.87,5829.77,51.48734479,686.8124704
801880,2023-07-14,5788.7,5840.37,5853.76,5773.24,41.1233497,578.67916155
801880,2023-07-17,5765.53,5772.41,5772.41,5711.39,39.76874191,506.88225813
801880,2023-07-18,5844.28,5764.19,5891.2,5721.33,48.46461314,623.5353752
801880,2023-07-19,5818.64,5815.55,5844.89,5780.38,39.77818707,480.35009831
801880,2023-07-20,5716.08,5823.52,5844.36,5711.03,42.9931034,534.91493179
801880,2023-07-21,5664.66,5696.83,5713.43,5645.73,34.31635423,414.28674548
801880,2023-07-24,5637.57,5646.43,5689.99,5623.82,28.82628241,357.04442052
801880,2023-07-25,5823.45,5715.6,5851.83,5715.32,46.05162725,601.516266
801880,2023-07-26,5707.49,5811.03,5811.11,5696.6,40.99114852,443.75386739
801880,2023-07-27,5750.84,5813.18,5851.89,5743.16,51.20375857,599.47400296
801880,2023-07-28,5865.99,5720.82,5876.46,5670.93,63.78420035,702.50578399
801880,2023-07-31,5982.01,5898.33,6043.27,5898.33,60.72953921,745.13755015
801880,2023-08-01,5932.05,5957.72,6018.87,5910.81,54.94431145,601.37552084
801880,2023-08-02,5951.93,5917.42,5999.72,5905.3,52.05811534,557.90986487
801880,2023-08-03,5898.55,5921.99,5935.5,5863.82,41.91254834,453.49668695
801880,2023-08-04,5919.45,5918.27,5939.61,5879.92,40.14900457,476.56828996
801880,2023-08-07,5910.9,5898.99,5948.34,5876.4,31.77718588,384.0798802
801880,2023-08-08,5870.28,5898.3,5943.52,5853.06,34.09162734,413.90532999
801880,2023-08-09,5818.14,5842.59,5842.75,5786.0,32.76621657,379.01884916
801880,2023-08-10,5780.3,5807.09,5817.56,5750.77,25.95334856,303.07313828
801880,2023-08-11,5680.95,5788.22,5788.22,5680.95,30.60339826,337.26828922
801880,2023-08-14,5589.12,5622.66,5622.71,5501.53,30.66989823,397.80886688
801880,2023-08-15,5546.18,5596.7,5603.96,5508.78,27.23846044,311.01472915
801880,2023-08-16,5470.54,5523.25,5534.74,5469.64,24.1518774,272.22841068
801880,2023-08-17,5576.2,5454.42,5586.22,5416.7,32.20379867,383.31090621
801880,2023-08-18,5490.1,5572.01,5581.13,5490.1,30.79048611,365.83372792
801880,2023-08-21,5416.29,5478.78,5505.88,5416.29,24.66489205,307.06069675
801880,2023-08-22,5451.04,5462.04,5478.56,5352.86,27.86972809,335.5185639
801880,2023-08-23,5360.38,5441.49,5441.49,5360.38,25.38210452,322.37690664
801880,2023-08-24,5402.74,5368.23,5459.15,5338.54,27.74880959,339.24468203
801880,2023-08-25,5309.99,5373.46,5373.48,5286.85,27.53230213,299.14106683
801880,2023-08-28,5352.89,5588.68,5588.68,5345.21,36.19699763,420.78423132
801880,2023-08-29,5571.26,5353.08,5587.27,5353.08,40.55992187,538.95316372
801880,2023-08-30,5595.07,5595.39,5625.46,5575.6,35.12873488,486.23255656
801880,2023-08-31,5549.32,5594.05,5595.45,5546.5,29.48046238,377.41600483
801880,2023-09-01,5598.65,5570.42,5612.26,5541.98,34.50117366,420.48110979
801880,2023-09-04,5678.19,5621.81,5678.27,5583.72,37.36221235,447.63690521
801880,2023-09-05,5625.95,5669.98,5683.42,5617.47,27.98676372,365.17419819
801880,2023-09-06,5655.43,5618.88,5667.53,5615.89,26.27890281,342.13522657
801880,2023-09-07,5554.29,5639.22,5639.28,5549.77,27.13930298,326.34139654
801880,2023-09-11,5663.07,5552.35,5679.4,5534.58,34.1740836,465.93086556
801880,2023-09-12,5721.74,5700.22,5755.9,5672.72,33.61530528,490.64716392
801880,2023-09-13,5622.05,5702.37,5702.38,5590.68,29.02595725,388.37967299
801880,2023-09-14,5532.66,5580.97,5598.82,5509.04,26.60770601,358.20305972
801880,2023-09-15,5527.59,5553.15,5567.51,5503.45,25.77754215,343.90165511
801880,2023-09-18,5666.43,5523.96,5710.24,5523.96,39.30359679,514.48224658
801880,2023-09-19,5637.53,5651.54,5668.7,5589.07,30.79416655,427.50359079
801880,2023-09-20,5577.44,5616.29,5639.23,5576.87,25.40043019,342.41593207
801880,2023-09-21,5495.92,5565.27,5578.82,5481.18,24.8832888,338.46692806
801880,2023-09-22,5577.71,5501.38,5579.16,5480.21,27.04062084,358.55874744
801880,2023-09-25,5594.84,5601.04,5621.43,5581.37,26.35022204,389.0127654
801880,2023-09-26,5533.54,5569.88,5596.86,5533.54,24.38095701,369.00910714
801880,2023-09-27,5512.85,5530.11,5571.31,5512.85,25.43384884,360.34288736
801880,2023-09-28,5575.28,5525.53,5607.56,5522.06,31.20817389,433.96789627
801880,2023-10-09,5694.6,5623.19,5703.9,5621.33,42.79188575,542.47070104
801880,2023-10-10,5696.51,5707.67,5721.14,5642.75,38.92435212,536.32146618
801880,2023-10-11,5655.25,5736.95,5736.95,5642.87,33.99496825,547.16145312
801880,2023-10-12,5770.81,5670.01,5805.67,5669.96,42.82259779,590.40275509
801880,2023-10-13,5763.74,5745.61,5792.13,5741.24,44.01717254,587.74497132
801880,2023-10-16,5780.27,5783.45,5806.73,5751.52,47.48555989,614.30598972
801880,2023-10-17,5739.4,5773.32,5784.68,5693.22,40.71337603,516.62287584
801880,2023-10-18,5821.92,5737.4,5857.35,5736.74,46.75642378,664.34942557
801880,2023-10-19,5638.72,5766.93,5766.99,5638.34,48.80049069,645.23070345
801880,2023-10-20,5588.2,5605.57,5690.94,5575.28,39.64226316,508.84027084
801880,2023-10-23,5513.9,5579.79,5614.24,5477.27,40.68136604,529.75611913
801880,2023-10-24,5536.31,5526.08,5575.14,5483.05,41.57599003,553.96397231
801880,2023-10-25,5677.19,5583.44,5700.82,5583.28,50.25784281,638.86567343
801880,2023-10-26,5765.15,5655.85,5765.15,5616.88,55.03821239,682.81234519
801880,2023-10-27,5824.76,5773.29,5882.32,5773.29,60.14916737,743.21086157
801880,2023-10-30,5806.26,5824.43,5824.43,5747.62,59.68943532,784.25280701
801880,2023-10-31,5709.83,5801.31,5813.42,5676.96,51.8417025,693.0749105
801880,2023-11-01,5744.19,5697.82,5773.56,5681.84,48.97424827,623.06458143
801880,2023-11-02,5732.21,5752.81,5803.1,5719.25,50.92284622,660.12229079
801880,2023-11-03,5815.25,5746.4,5824.01,5727.75,45.04263775,624.31920874
801880,2023-11-06,5928.32,5850.16,5928.32,5828.09,55.58727987,774.23005728
801880,2023-11-07,5938.96,5921.23,5988.86,5908.69,58.16498222,823.32603439
801880,2023-11-08,5926.17,5925.12,5932.29,5873.03,61.96398089,788.60539495
801880,2023-11-09,5863.99,5906.79,5920.34,5848.51,53.40281007,732.37749173
801880,2023-11-10,5774.1,5843.52,5843.63,5743.27,44.00091802,642.82912698
801880,2023-11-13,5777.31,5778.09,5806.29,5756.76,42.45064053,552.99771325
801880,2023-11-14,5826.22,5774.55,5826.72,5767.99,45.7855881,566.05547176
801880,2023-11-15,5928.51,5860.52,5928.51,5810.18,55.56043166,766.25723054
801880,2023-11-16,5894.26,5934.55,5938.8,5894.26,52.08823339,686.19976599
801880,2023-11-17,5981.82,5868.04,5981.82,5868.04,55.00617371,694.29818283
801880,2023-11-20,6000.17,5991.28,6012.86,5960.9,55.11568566,717.26885331
801880,2023-11-21,5956.02,5995.77,6033.95,5945.78,53.24516818,677.01251643
801880,2023-11-22,5839.12,5928.89,5932.96,5839.12,49.89556568,591.30237787
801880,2023-11-23,5981.34,5839.65,6016.68,5839.61,63.91458161,867.0459107
801880,2023-11-24,5853.42,5977.09,5977.18,5838.08,51.74754636,716.81755001
801880,2023-11-27,5913.79,5891.45,5920.83,5826.32,53.11951358,721.1605003
801880,2023-11-28,6031.97,5924.44,6031.97,5892.92,71.12164587,972.32456166
801880,2023-11-29,5953.16,6025.59,6025.59,5928.95,69.48952989,914.38694101
801880,2023-11-30,5866.41,5923.76,5957.61,5822.93,61.46263523,798.01823854
801880,2023-12-01,5791.86,5871.73,5871.73,5744.5,56.51851865,753.01949737
801880,2023-12-04,5788.52,5802.08,5841.71,5759.68,52.70171717,683.28557752
801880,2023-12-05,5702.43,5774.57,5775.44,5702.43,55.69459832,656.66321884
801880,2023-12-06,5721.62,5694.35,5777.31,5694.35,55.22999886,666.34367472
801880,2023-12-07,5681.75,5708.4,5708.59,5654.2,51.75022284,616.93217039
801880,2023-12-08,5600.49,5671.76,5683.73,5599.65,52.07886755,562.62690179
801880,2023-12-11,5694.51,5578.84,5695.74,5546.27,44.42385751,548.40123389
801880,2023-12-12,5707.4,5684.2,5715.87,5658.66,39.8023221,483.20500183
801880,2023-12-13,5669.41,5695.39,5725.66,5664.35,39.98384238,487.51975972
801880,2023-12-14,5617.53,5679.48,5706.97,5616.97,37.7741136,461.44870258
801880,2023-12-15,5589.08,5625.97,5647.25,5585.28,32.16499415,419.44585626
801880,2023-12-18,5558.66,5572.06,5614.1,5548.82,35.45849495,456.16479912
801880,2023-12-19,5524.49,5547.54,5547.57,5480.66,33.54764365,406.40140344
801880,2023-12-20,5406.15,5527.61,5534.98,5406.15,32.32544428,417.26724128
801880,2023-12-21,5450.02,5376.2,5462.29,5355.13,32.77242888,406.08103847
801880,2023-12-22,5429.54,5456.2,5494.36,5412.63,31.02067636,394.48095497
801880,2023-12-25,5484.73,5433.44,5485.9,5403.33,30.33336796,389.0453871
801880,2023-12-26,5409.75,5482.07,5482.11,5397.14,28.89637255,367.2240891
801880,2023-12-27,5400.11,5424.75,5437.14,5372.5,27.12085228,360.20248754
801880,2023-12-28,5449.79,5381.27,5468.55,5367.57,34.99142061,457.92191503
801880,2023-12-29,5518.47,5444.69,5519.24,5441.42,34.07908696,436.39635703
801880,2024-01-02,5458.19,5530.59,5536.41,5458.19,30.58165941,408.9939081
801880,2024-01-03,5402.13,5443.06,5443.06,5367.39,29.26298597,384.19078062
801880,2024-01-04,5367.01,5398.94,5399.05,5353.31,25.64602966,339.00592141
801880,2024-01-05,5309.67,5373.29,5416.47,5286.7,29.37399729,368.95585753
801880,2024-01-08,5217.05,5303.5,5303.92,5217.05,26.67992159,337.4198538
801880,2024-01-09,5243.41,5229.45,5275.99,5211.32,24.31153644,322.03779145
801880,2024-01-10,5218.73,5228.99,5252.77,5183.01,26.62678473,329.08104307
801880,2024-01-11,5319.09,5214.85,5332.22,5205.7,29.041994,353.8197859
801880,2024-01-12,5302.06,5316.78,5361.57,5302.06,25.76992748,311.08845574
801880,2024-01-15,5277.21,5282.68,5311.65,5237.73,24.30473471,285.43880026
801880,2024-01-16,5309.84,5274.97,5324.9,5252.35,31.73878896,376.25915234
801880,2024-01-17,5151.58,5293.09,5293.38,5151.58,28.38882884,369.71229142
801880,2024-01-18,5166.78,5120.12,5167.12,5025.95,34.37999526,400.44611953
801880,2024-01-19,5091.9,5149.65,5164.89,5086.2,22.18338324,272.27743861
801880,2024-01-22,4891.98,5090.31,5090.36,4866.51,31.40877373,354.21573897
801880,2024-01-23,4924.77,4880.53,4942.81,4839.77,29.06674687,322.94102829
801880,2024-01-24,4977.35,4957.34,4981.38,4835.26,31.14148878,325.24731518
801880,2024-01-25,5076.61,4972.25,5081.68,4937.19,35.53744895,418.69670854
801880,2024-01-26,5029.16,5056.38,5082.2,5020.14,31.74663193,350.77382213
801880,2024-01-29,4893.5,5038.06,5049.72,4893.5,29.11660314,327.35160721
801880,2024-01-30,4796.6,4852.43,4905.26,4793.14,27.16945729,312.01576703
801880,2024-01-31,4668.98,4779.53,4827.91,4659.2,32.30172038,335.07453067
801880,2024-02-01,4658.47,4649.41,4742.07,4610.31,30.38523244,324.78038064
801880,2024-02-02,4518.78,4671.82,4697.78,4402.5,36.77624778,366.59845332
801880,2024-02-05,4351.27,4479.23,4479.25,4246.83,43.04557435,414.19773409
801880,2024-02-06,4537.84,4285.06,4585.78,4257.94,46.62849508,433.4040344
801880,2024-02-07,4651.31,4559.41,4711.35,4557.63,51.10020994,495.37569745
801880,2024-02-08,4808.42,4680.0,4809.74,4680.0,52.3180729,502.15960942
801880,2024-02-19,4844.79,4850.43,4872.79,4792.51,44.75444361,463.73202735
801880,2024-02-20,4822.24,4824.86,4828.35,4757.81,35.18631663,382.60551204
801880,2024-02-21,4921.29,4784.15,5022.96,4779.0,47.40744716,505.9009024
801880,2024-02-22,4973.83,4896.31,4974.48,4896.31,37.09849453,385.94135388
801880,2024-02-23,5088.39,4986.8,5095.1,4959.3,43.95780931,506.19037019
801880,2024-02-26,5184.52,5139.86,5245.12,5139.86,52.11679296,608.00321062
801880,2024-02-27,5361.8,5192.21,5361.8,5189.4,50.43024907,627.63916595
801880,2024-02-28,5090.99,5362.68,5362.68,5090.99,67.19567717,750.08095706
801880,2024-02-29,5305.74,5044.83,5305.74,5044.83,52.50831679,581.9895222
801880,2024-03-01,5319.7,5322.41,5326.83,5255.32,47.96866804,553.6833186
801880,2024-03-04,5287.04,5299.15,5301.35,5221.54,41.50062304,486.02830169
801880,2024-03-05,5311.75,5241.2,5341.76,5197.27,47.63688722,578.48923055
801880,2024-03-06,5335.37,5292.13,5373.26,5287.13,41.49546087,534.95802795
801880,2024-03-07,5279.7,5341.04,5384.34,5279.7,41.72870712,514.37608716
801880,2024-03-08,5290.22,5272.62,5301.13,5237.02,33.08094731,395.88985523
801880,2024-03-11,5424.66,5292.28,5424.66,5292.28,40.50649541,544.85868797
801880,2024-03-12,5500.24,5453.69,5514.57,5410.85,54.03239041,690.62489645
801880,2024-03-13,5553.69,5506.92,5593.43,5505.45,57.35355807,708.77892525
801880,2024-03-14,5543.81,5557.43,5613.55,5497.02,55.99162257,666.40769556
801880,2024-03-15,5612.22,5520.28,5616.87,5498.43,58.3789147,685.43085119
801880,2024-03-18,5752.65,5657.11,5752.85,5657.02,61.97484102,773.13436451
801880,2024-03-19,5683.36,5738.29,5738.73,5683.36,54.48374022,690.82859982
801880,2024-03-20,5714.88,5680.89,5737.39,5660.47,49.77422803,602.19823059
801880,2024-03-21,5719.07,5709.88,5745.52,5665.15,54.2129325,658.41179599
801880,2024-03-22,5665.78,5706.31,5706.39,5622.17,47.13070571,572.41253391
801880,2024-03-25,5578.29,5640.58,5704.04,5578.29,47.6918676,563.43919178
801880,2024-03-26,5643.43,5573.94,5659.29,5573.94,47.16272786,607.15527477
801880,2024-03-27,5452.19,5638.02,5638.02,5452.19,47.17549331,589.33235289
801880,2024-03-28,5534.3,5434.05,5590.36,5433.44,42.41991141,550.53744974
801880,2024-03-29,5550.51,5566.52,5580.87,5489.59,44.38413581,571.03269037
801880,2024-04-01,5726.62,5563.48,5726.62,5563.48,50.42117607,659.55601525
801880,2024-04-02,5689.82,5733.03,5751.52,5666.27,49.92752361,604.21612711
801880,2024-04-03,5594.43,5661.89,5674.0,5554.25,40.96146162,500.92444075
801880,2024-04-08,5601.64,5581.94,5679.41,5581.91,39.59706372,520.93558564
801880,2024-04-09,5597.32,5593.94,5610.5,5561.18,35.62075185,442.70340696
801880,2024-04-10,5538.2,5600.24,5603.64,5492.29,40.62562348,472.46923761
801880,2024-04-11,5583.66,5493.94,5644.49,5489.73,39.09740519,493.26904547
801880,2024-04-12,5551.96,5576.37,5637.4,5543.35,36.79622656,489.79535785
801880,2024-04-15,5524.91,5541.33,5576.79,5443.56,44.47869876,512.12870661
801880,2024-04-16,5326.59,5479.64,5480.48,5326.19,46.0060293,522.15246122
801880,2024-04-17,5528.89,5359.33,5529.17,5359.26,43.71242291,513.7305167
801880,2024-04-18,5568.81,5522.6,5652.74,5500.28,45.59319527,615.12591562
801880,2024-04-19,5559.13,5544.29,5582.21,5506.01,39.81303463,524.85519424
801880,2024-04-22,5502.18,5533.94,5557.13,5490.8,34.34801475,430.1878018
801880,2024-04-23,5459.6,5499.08,5516.91,5437.97,32.96466054,438.9212837
801880,2024-04-24,5556.34,5477.85,5556.34,5477.79,34.79918067,464.30018771
801880,2024-04-25,5541.53,5568.79,5606.25,5527.27,39.26019228,507.35864494
801880,2024-04-26,5693.74,5553.89,5698.2,5553.89,46.73020628,675.62556452
801880,2024-04-29,5763.03,5731.47,5771.99,5673.07,54.41180692,747.4282684
801880,2024-04-30,5692.34,5790.34,5790.82,5692.34,50.54523722,719.46292039
801880,2024-05-06,5799.87,5762.57,5811.39,5762.57,47.2076013,686.63325764
801880,2024-05-07,5796.17,5800.85,5812.72,5743.85,42.07828941,588.24405467
801880,2024-05-08,5709.49,5771.7,5771.73,5703.94,39.10407067,519.11535268
801880,2024-05-09,5784.02,5699.15,5786.07,5699.0,34.14432414,457.93139832
801880,2024-05-10,5735.38,5780.25,5780.25,5713.85,32.67642922,428.95511212
801880,2024-05-13,5687.06,5683.01,5723.88,5635.36,31.85419269,424.0987177
801880,2024-05-14,5733.76,5692.6,5756.6,5692.6,33.87978083,444.54118242
801880,2024-05-15,5650.42,5715.22,5718.35,5646.1,32.88224068,425.86589644
801880,2024-05-16,5615.24,5650.77,5655.67,5602.68,31.7407954,413.42675588
801880,2024-05-17,5634.53,5613.53,5634.53,5582.01,32.21879934,447.21726944
801880,2024-05-20,5644.4,5622.33,5657.82,5615.06,36.45927316,469.71500553
801880,2024-05-21,5601.53,5625.9,5626.0,5555.14,34.1611895,444.59086272
801880,2024-05-22,5573.74,5586.44,5602.8,5558.27,30.72258422,426.16466953
801880,2024-05-23,5481.08,5557.99,5558.02,5458.84,30.73299559,394.67528327
801880,2024-05-24,5398.65,5459.61,5466.55,5398.21,24.68650933,346.18626766
801880,2024-05-27,5443.5,5413.75,5443.92,5362.91,25.86783023,351.81986705
801880,2024-05-28,5377.4,5438.09,5438.16,5377.27,25.72666233,322.37416151
801880,2024-05-29,5446.2,5380.35,5458.59,5375.86,25.69579075,368.90392917
801880,2024-05-30,5471.62,5440.51,5494.74,5440.51,28.41310342,385.83063065
801880,2024-05-31,5490.73,5478.67,5540.61,5478.67,29.50154399,426.3031413
801880,2024-06-03,5481.87,5500.81,5554.34,5445.09,35.97245003,502.38215095
801880,2024-06-04,5484.69,5463.9,5491.31,5438.48,32.62189132,420.53096211
801880,2024-06-05,5456.99,5490.88,5532.69,5456.99,34.71126619,401.66500865
801880,2024-06-06,5348.61,5444.7,5445.55,5329.13,41.69010395,454.21135844
801880,2024-06-07,5361.34,5368.25,5396.85,5297.37,32.0673948,356.74430216
801880,2024-06-11,5384.3,5334.33,5384.3,5311.64,27.30030823,340.19720293
801880,2024-06-12,5399.71,5355.6,5415.51,5355.6,25.77880699,312.9669831
801880,2024-06-13,5418.49,5410.51,5452.46,5402.4,28.59535323,385.93209029
801880,2024-06-14,5432.84,5397.85,5437.3,5361.15,26.52479601,354.99479313
801880,2024-06-17,5477.81,5416.28,5510.3,5416.28,29.15246523,436.58557638
801880,2024-06-18,5582.47,5473.31,5582.47,5473.31,35.94810091,484.64931244
801880,2024-06-19,5510.75,5582.62,5582.62,5510.75,31.06610821,415.6969136
801880,2024-06-20,5427.82,5496.9,5496.9,5414.51,33.28893363,394.53528226
801880,2024-06-21,5451.31,5415.39,5482.19,5393.63,29.78084098,360.0276721
801880,2024-06-24,5313.16,5422.1,5432.49,5313.16,32.61670859,395.8123797
801880,2024-06-25,5330.22,5321.4,5412.59,5291.03,32.46241988,471.78164322
801880,2024-06-26,5394.39,5305.86,5400.3,5269.61,40.70058465,412.64800858
801880,2024-06-27,5280.32,5369.25,5369.28,5280.32,37.49565414,353.23475784
801880,2024-06-28,5337.35,5261.98,5380.08,5261.98,37.35473873,402.37255167
801880,2024-07-01,5358.08,5336.25,5376.65,5262.5,38.42691835,401.34597846
801880,2024-07-02,5283.31,5362.06,5369.05,5266.76,34.30209752,386.00637322
801880,2024-07-03,5235.15,5284.37,5313.8,5232.52,30.96942657,351.29711193
801880,2024-07-04,5196.74,5257.82,5311.59,5196.22,41.47882194,376.13478448
801880,2024-07-05,5205.86,5179.78,5224.71,5112.52,38.01079691,350.80812801
801880,2024-07-08,5143.99,5189.96,5208.34,5131.68,35.5193972,348.62618746
801880,2024-07-09,5312.36,5143.8,5312.36,5138.16,42.98725712,443.01153845
801880,2024-07-10,5361.77,5308.07,5400.82,5308.07,48.59016028,522.3570717
801880,2024-07-11,5455.22,5429.5,5477.75,5408.04,50.42078013,562.15011978
801880,2024-07-12,5485.54,5438.15,5505.87,5409.82,50.00869353,567.32323428
801880,2024-07-15,5450.99,5486.57,5517.52,5438.46,51.13737869,534.77311612
801880,2024-07-16,5458.94,5435.55,5465.0,5423.8,51.79250631,514.94357276
801880,2024-07-17,5383.12,5449.29,5449.44,5367.1,39.95076496,480.05499284
801880,2024-07-18,5396.86,5338.91,5406.79,5303.55,35.41739829,413.97128099
801880,2024-07-19,5359.93,5378.42,5430.59,5359.93,38.92204148,459.4506412
801880,2024-07-22,5378.27,5349.36,5406.89,5349.36,38.97012084,453.54108173
801880,2024-07-23,5230.3,5377.63,5377.63,5230.3,43.47976715,483.93771063
801880,2024-07-24,5099.18,5206.85,5222.42,5088.69,41.52066522,452.16676832
801880,2024-07-25,5123.55,5078.27,5143.2,5050.07,34.80870493,376.5195774
801880,2024-07-26,5263.34,5174.02,5269.75,5174.01,50.66215665,505.05369707
801880,2024-07-29,5234.07,5264.48,5267.98,5216.23,45.59634585,503.49418296
801880,2024-07-30,5189.26,5223.68,5223.68,5152.07,46.11139072,514.25937765
801880,2024-07-31,5350.42,5172.77,5360.44,5172.7,63.15624168,670.03366416
801880,2024-08-01,5319.55,5345.59,5352.3,5293.4,62.90644698,618.49539704
801880,2024-08-02,5207.57,5276.62,5300.61,5201.67,63.67646389,616.98248991
801880,2024-08-05,5063.78,5158.73,5225.66,5063.78,58.35196802,563.90068993
801880,2024-08-06,5082.53,5115.11,5132.13,5039.4,46.44490445,441.32903642
801880,2024-08-07,5109.3,5069.28,5137.38,5057.72,41.45585707,438.6508013
801880,2024-08-08,5045.42,5073.98,5083.22,5002.67,44.6717899,448.82884674
801880,2024-08-09,5039.24,5059.75,5114.03,5039.24,35.05723661,348.65768221
801880,2024-08-12,4994.34,5034.37,5038.51,4978.58,30.35396256,300.98141791
801880,2024-08-13,5015.75,4984.81,5015.75,4955.35,31.32688087,313.24199731
801880,2024-08-14,4969.15,5007.65,5009.78,4969.15,28.93086039,286.34073308
801880,2024-08-15,5037.73,4958.24,5055.33,4941.98,35.41986447,392.21054663
801880,2024-08-16,5024.28,5034.85,5068.84,5019.37,32.40715013,389.03174341
801880,2024-08-19,5019.65,5019.3,5078.67,5018.31,31.73391533,349.74571858
801880,2024-08-20,4951.23,5022.23,5022.26,4929.89,34.8092129,353.19540563
801880,2024-08-21,4954.32,4923.99,4975.11,4922.15,28.05764698,300.05512198
801880,2024-08-22,4887.35,4952.06,4956.46,4882.69,29.58259862,322.29936707
801880,2024-08-23,4914.84,4875.91,4930.97,4875.91,28.69703834,292.80442091
801880,2024-08-26,4924.8,4921.25,4944.74,4894.41,28.13463205,299.73678818
801880,2024-08-27,4873.57,4906.04,4906.11,4860.72,27.17818296,287.61955464
801880,2024-08-28,4837.01,4859.5,4873.31,4821.58,25.36529748,282.91048626
801880,2024-08-29,4906.64,4813.06,4927.48,4812.38,28.14364228,301.22479639
801880,2024-08-30,5046.06,4911.9,5099.08,4906.1,40.13376984,476.53105321
801880,2024-09-02,4940.92,5036.69,5049.89,4940.92,32.24736693,358.47139595
801880,2024-09-03,5020.48,4934.99,5022.87,4934.91,28.29980659,318.20784007
801880,2024-09-04,5040.39,4996.66,5079.59,4983.79,27.18996981,298.99366624
801880,2024-09-05,5094.76,5047.15,5110.34,5047.03,31.90034114,343.68900806
801880,2024-09-06,5072.98,5095.89,5161.95,5072.2,37.62793786,413.07769165
801880,2024-09-09,5036.31,5039.62,5066.71,5013.71,30.28733366,316.28369997
801880,2024-09-10,5040.94,5032.14,5058.33,4979.71,27.10004869,287.67398215
801880,2024-09-11,5086.28,5023.43,5117.83,5012.88,24.46963793,299.93725461
801880,2024-09-12,5049.75,5086.74,5133.14,5049.75,23.68012742,265.29748069
801880,2024-09-13,4999.77,5046.95,5048.03,4999.4,24.4078127,251.48820919
801880,2024-09-18,5060.63,5000.92,5073.4,4987.24,24.07628222,256.75071066
801880,2024-09-19,5124.86,5069.44,5158.69,5045.93,29.74218496,315.22490092
801880,2024-09-20,5109.31,5122.28,5151.27,5076.0,25.42928223,276.74208544
801880,2024-09-23,5104.78,5103.55,5147.35,5083.78,27.71773153,293.39558832
801880,2024-09-24,5208.24,5136.44,5209.29,5046.52,45.79186025,488.86429116
801880,2024-09-25,5271.55,5252.2,5391.14,5246.27,53.83704567,567.72781021
801880,2024-09-26,5445.67,5260.49,5445.67,5258.4,51.01879618,536.88610666
801880,2024-09-27,5674.93,5515.05,5725.6,5515.05,58.61774317,654.97765589
801880,2024-09-30,6179.61,5865.67,6200.94,5806.96,102.77088428,1210.44920823
801880,2024-10-08,6503.16,6819.15,6819.15,6164.48,125.11681118,1624.95046829
801880,2024-10-09,6047.88,6329.45,6354.91,6000.48,86.80762473,1153.40919769
801880,2024-10-10,6121.73,6068.54,6247.88,5990.07,64.8837496,844.23485776
801880,2024-10-11,5897.11,6100.43,6100.43,5831.9,54.17846931,712.51772198
801880,2024-10-14,6002.57,5897.23,6018.15,5837.63,49.50007618,649.25203784
801880,2024-10-15,5835.39,5969.9,6013.3,5835.39,48.57082933,618.36120383
801880,2024-10-16,5786.4,5763.25,5838.91,5729.41,41.05473649,519.74297816
801880,2024-10-17,5767.41,5823.32,5885.62,5765.61,44.71408641,552.74148824
801880,2024-10-18,5965.02,5759.19,6057.82,5751.75,62.72978374,818.70811465
801880,2024-10-21,5998.09,5993.96,6042.66,5936.2,61.7049982,826.15416367
801880,2024-10-22,6099.19,5996.97,6137.45,5988.3,70.38401181,866.05664717
801880,2024-10-23,6179.52,6103.32,6232.9,6075.53,75.19796072,899.16082272
801880,2024-10-24,6109.29,6192.7,6193.38,6091.81,63.28266341,719.52100062
801880,2024-10-25,6174.34,6136.53,6212.39,6115.11,60.97023113,714.83516736
801880,2024-10-28,6251.28,6174.93,6251.29,6136.53,72.47657526,827.770123
801880,2024-10-29,6238.89,6291.26,6330.15,6226.39,82.32668799,941.65148496
801880,2024-10-30,6272.66,6203.43,6282.17,6203.43,82.69650347,873.0056228
801880,2024-10-31,6269.41,6269.52,6313.04,6200.31,86.07308315,1045.89051416
801880,2024-11-01,6147.45,6269.45,6289.56,6138.12,94.09534419,1099.06155717
801880,2024-11-04,6370.5,6179.8,6370.5,6179.8,75.13599104,1015.57284006
801880,2024-11-05,6510.8,6377.16,6518.47,6332.7,96.4696304,1260.80766891
801880,2024-11-06,6523.26,6536.68,6594.6,6486.2,115.03821122,1498.97445009
801880,2024-11-07,6590.16,6481.56,6590.16,6450.36,100.27846664,1204.0792882
801880,2024-11-08,6595.43,6660.18,6707.37,6581.1,95.98461583,1212.02705614
801880,2024-11-11,6779.88,6578.91,6779.88,6569.03,112.90573557,1301.69018936
801880,2024-11-12,6742.04,6825.3,6883.97,6684.67,111.57557249,1398.30791325
801880,2024-11-13,6731.01,6698.36,6731.01,6580.72,92.05920625,1140.07544899
801880,2024-11-14,6541.94,6707.74,6707.74,6533.47,78.13945113,983.2863133
801880,2024-11-15,6433.02,6503.26,6566.57,6433.02,73.09826684,961.84261003
801880,2024-11-18,6382.21,6477.89,6496.09,6344.56,77.42384539,966.13690931
801880,2024-11-19,6468.81,6377.45,6468.81,6305.61,76.58553184,917.1970319
801880,2024-11-20,6517.39,6441.63,6532.0,6424.15,70.28853477,842.57291066
801880,2024-11-21,6529.96,6491.55,6567.72,6476.12,66.72775975,799.47790109
801880,2024-11-22,6293.12,6513.24,6514.6,6290.93,69.56947532,860.36957162
801880,2024-11-25,6352.53,6335.59,6406.68,6249.53,58.97804024,777.90824023
801880,2024-11-26,6232.67,6313.85,6344.33,6232.32,48.27524293,599.89652703
801880,2024-11-27,6287.68,6209.1,6287.68,6115.94,52.78439517,662.94987662
801880,2024-11-28,6217.8,6284.32,6289.11,6207.0,54.84298763,647.41987943
801880,2024-11-29,6312.9,6208.52,6349.83,6196.77,59.276283,756.61776795
801880,2024-12-02,6507.69,6349.18,6516.04,6340.65,75.60290588,920.45837627
801880,2024-12-03,6520.81,6541.35,6546.42,6479.39,80.38373763,888.67015525
801880,2024-12-04,6468.66,6490.9,6564.69,6446.59,76.0240135,855.65599429
801880,2024-12-05,6517.84,6449.53,6530.87,6445.18,75.23041153,857.55994208
801880,2024-12-06,6537.41,6517.61,6566.14,6463.7,73.79163108,845.98130454
801880,2024-12-09,6586.47,6539.34,6627.11,6539.34,97.02503772,970.50514943
801880,2024-12-10,6633.0,6768.04,6773.47,6623.31,105.39901685,1277.91277053
801880,2024-12-11,6667.53,6600.52,6667.87,6600.52,94.83316456,981.03255926
801880,2024-12-12,6698.4,6660.56,6700.82,6612.16,88.37108468,953.84025588
801880,2024-12-13,6580.63,6652.3,6670.81,6580.63,86.50187638,1018.11739247
801880,2024-12-16,6506.03,6562.74,6580.17,6483.44,77.20804839,808.86449411
801880,2024-12-17,6484.51,6501.11,6572.85,6472.02,74.0428432,748.10535262
801880,2024-12-18,6525.94,6502.76,6554.14,6494.19,59.7375972,622.99703141
801880,2024-12-19,6514.71,6457.51,6534.89,6442.3,63.9350338,636.70212542
801880,2024-12-20,6511.85,6502.19,6545.37,6493.88,56.20206799,652.22009518
801880,2024-12-23,6397.02,6514.3,6533.72,6387.44,61.46902986,682.05186388
801880,2024-12-24,6499.72,6413.47,6499.72,6413.21,54.45638704,643.32409843
801880,2024-12-25,6472.5,6502.34,6508.97,6443.21,55.60712698,663.24383587
801880,2024-12-26,6551.05,6459.7,6582.13,6453.71,53.2100275,716.37854659
801880,2024-12-27,6556.92,6567.72,6595.59,6526.24,54.43133547,696.85294642
801880,2024-12-30,6536.38,6553.5,6563.38,6504.5,47.93906646,602.79847236
801880,2024-12-31,6420.22,6537.18,6539.68,6411.45,48.59918303,620.3620112
801880,2025-01-02,6225.23,6405.24,6405.25,6182.35,47.93213288,659.35691796
801880,2025-01-03,6068.6,6230.57,6231.69,6061.74,46.42223319,585.43597935
801880,2025-01-06,6065.91,6065.61,6152.67,6019.2,47.54801405,505.87374886
801880,2025-01-07,6192.08,6072.63,6192.84,6053.11,48.7311614,523.2159995
801880,2025-01-08,6202.76,6157.98,6238.76,6024.17,59.31337878,656.94071164
801880,2025-01-09,6229.38,6175.04,6258.98,6173.81,47.36240525,594.8739536
801880,2025-01-10,6147.9,6216.66,6291.06,6147.9,51.4684303,685.44485749
801880,2025-01-13,6123.18,6090.76,6192.41,6090.76,42.4047142,597.74023324
801880,2025-01-14,6427.46,6131.07,6427.46,6131.07,64.26200181,844.30566218
801880,2025-01-15,6387.32,6415.53,6438.51,6374.95,51.96250172,684.95500192
801880,2025-01-16,6401.29,6411.02,6485.83,6348.42,59.13667049,699.27300862
801880,2025-01-17,6428.59,6379.76,6461.69,6358.53,46.82412154,591.67171113
801880,2025-01-20,6501.26,6486.62,6542.03,6480.74,46.29775632,650.24293058
801880,2025-01-21,6563.6,6527.78,6564.29,6470.19,46.61206405,707.66475502
801880,2025-01-22,6490.37,6527.83,6527.93,6460.0,40.84591426,679.60694261
801880,2025-01-23,6436.09,6545.93,6585.2,6436.09,49.17431354,721.23000283
801880,2025-01-24,6540.7,6418.91,6553.9,6418.85,44.97821676,678.24404385
801880,2025-01-27,6473.85,6549.8,6565.41,6473.85,40.11827891,572.08144735
801880,2025-02-05,6513.05,6516.3,6548.87,6463.46,45.30595155,680.74184785
801880,2025-02-06,6773.51,6497.77,6773.97,6497.77,57.72086904,948.00398854
801880,2025-02-07,6922.44,6826.36,6968.2,6772.95,79.14258941,1260.68090086
801880,2025-02-10,6972.35,6958.95,6976.47,6894.23,69.6329871,1024.36188701
801880,2025-02-11,6940.31,7000.61,7002.77,6890.35,65.59974808,997.05627254
801880,2025-02-12,7016.94,6884.57,7016.94,6842.25,60.70020997,952.3631964
801880,2025-02-13,6921.52,7009.88,7038.3,6918.37,63.74373863,940.16912599
801880,2025-02-14,7004.64,6913.97,7060.9,6913.97,59.5088431,891.5795267
801880,2025-02-17,7012.65,7019.27,7022.52,6953.18,59.95519809,900.82507003
801880,2025-02-18,6944.38,7010.5,7062.96,6920.62,64.2227873,902.14794047
801880,2025-02-19,7112.76,6925.63,7112.96,6925.63,64.2669822,986.64789365
801880,2025-02-20,7143.8,7124.17,7172.14,7067.7,60.17353458,981.60515154
801880,2025-02-21,7265.86,7151.02,7269.84,7151.02,64.59069985,1072.74234525
801880,2025-02-24,7263.38,7275.5,7347.64,7210.82,67.77878777,1093.9839931
801880,2025-02-25,7285.75,7171.97,7360.4,7170.11,74.41819066,1108.90110667
801880,2025-02-26,7351.8,7289.56,7420.91,7283.01,86.2167962,1242.5170112
801880,2025-02-27,7357.42,7386.35,7426.97,7248.55,87.98614687,1215.89967543
801880,2025-02-28,7068.05,7325.58,7325.59,7051.88,76.95439721,1109.9771545
801880,2025-03-03,7046.56,7108.02,7175.11,7010.78,61.64388236,888.43904863
801880,2025-03-04,7065.82,6939.13,7100.24,6937.77,57.32506308,858.31282914
801880,2025-03-05,7158.43,7074.09,7161.66,7065.85,57.06922177,880.10749741
801880,2025-03-06,7258.36,7207.46,7283.95,7207.45,66.15860589,1084.14212298
801880,2025-03-07,7285.56,7239.65,7343.65,7232.74,71.80666646,1087.35482465
801880,2025-03-10,7257.0,7306.32,7331.52,7209.85,61.78885879,935.54017294
801880,2025-03-11,7233.67,7147.33,7241.65,7127.84,62.77103497,972.87110778
801880,2025-03-12,7271.15,7291.79,7335.77,7270.56,70.57021998,1051.71754136
801880,2025-03-13,7132.95,7265.36,7284.63,7079.48,68.47569936,1022.35287957
801880,2025-03-14,7340.44,7128.98,7341.27,7120.69,64.67920998,1048.86513185
801880,2025-03-17,7408.7,7383.59,7421.84,7328.15,66.77040496,962.03671085
801880,2025-03-18,7451.16,7446.83,7452.38,7374.69,61.71574769,978.86523873
801880,2025-03-19,7501.41,7465.0,7531.45,7403.36,71.41059187,1113.57449498
801880,2025-03-20,7563.63,7495.96,7618.05,7463.94,73.63889337,1154.9364075
801880,2025-03-21,7285.29,7523.77,7523.77,7259.26,75.49965422,1188.6185176
801880,2025-03-24,7249.99,7285.31,7291.39,7144.18,62.28196321,912.88154804
801880,2025-03-25,7140.02,7260.14,7268.38,7126.37,48.24838697,794.51496734
801880,2025-03-26,7227.95,7118.96,7246.94,7118.95,48.16889545,760.79529304
801880,2025-03-27,7242.03,7204.63,7311.67,7187.65,46.58074456,756.34131313
801880,2025-03-28,7209.99,7238.82,7280.17,7209.99,45.30373452,665.68419974
801880,2025-03-31,7152.42,7192.36,7214.02,7088.81,53.92949907,806.85272619
801880,2025-04-01,7088.27,7165.46,7166.1,7087.63,43.49678991,701.81458565
801880,2025-04-02,7103.69,7083.9,7143.54,7052.44,45.0839313,663.78777256
801880,2025-04-03,6955.07,7006.0,7061.84,6938.94,45.81578201,677.68698056
801880,2025-04-07,6256.82,6474.99,6486.78,6214.92,47.44208433,713.61117247
801880,2025-04-08,6155.05,6176.37,6252.07,6050.22,69.42321453,931.00460744
801880,2025-04-09,6230.68,6015.54,6251.98,5829.04,69.59742294,884.52408687
801880,2025-04-10,6430.42,6424.19,6548.69,6418.14,60.20706045,860.20310806
801880,2025-04-11,6571.58,6400.1,6619.17,6400.09,46.3297222,678.32267822
801880,2025-04-14,6689.01,6682.16,6740.36,6653.54,48.78961608,702.15563839
801880,2025-04-15,6680.39,6726.75,6729.33,6638.44,40.29685885,581.12922891
801880,2025-04-16,6576.61,6670.81,6670.82,6501.29,39.43708382,592.55373337
801880,2025-04-17,6523.69,6532.96,6578.37,6516.27,32.93693098,489.17822169
801880,2025-04-18,6519.48,6503.32,6532.27,6465.69,28.70749571,391.610455
801880,2025-04-21,6647.43,6508.28,6647.55,6497.82,34.42816587,509.56874428
801880,2025-04-22,6635.02,6635.46,6663.6,6619.92,35.47899873,493.10597267
801880,2025-04-23,6848.13,6767.99,6872.12,6758.16,52.14309621,821.09782775
801880,2025-04-24,6791.95,6853.1,6886.09,6773.21,51.19621267,770.83600968
801880,2025-04-25,6836.99,6810.9,6884.22,6788.59,45.01928234,658.37402647
801880,2025-04-28,6728.42,6803.84,6803.84,6719.6,42.822366,600.35407429
801880,2025-04-29,6763.99,6724.6,6792.71,6702.74,43.1402745,628.93162903
801880,2025-04-30,6871.66,6771.13,6886.91,6760.17,52.03020073,788.52562585
801880,2025-05-06,7023.07,6937.85,7023.07,6932.96,54.63849469,834.37942562
801880,2025-05-07,7030.2,7116.62,7118.44,6982.46,64.21189512,943.40064692
801880,2025-05-08,7080.14,6999.52,7090.95,6999.52,61.05997688,859.57729242
801880,2025-05-09,7011.35,7075.69,7075.69,6974.34,56.99654257,824.49238224
801880,2025-05-12,7145.34,7078.95,7145.34,7078.88,56.07292369,880.78225461
801880,2025-05-13,7109.19,7222.19,7222.19,7102.02,55.02566603,846.3486552
801880,2025-05-14,7112.18,7098.34,7142.24,7063.75,48.41704419,749.08996866
801880,2025-05-15,7045.52,7100.01,7111.6,7030.74,47.9186664,721.47695802
801880,2025-05-16,7179.76,7026.78,7222.27,7026.78,61.95389097,930.92116846
801880,2025-05-19,7156.4,7190.45,7190.45,7059.98,59.31437973,878.13323622
801880,2025-05-20,7235.76,7165.44,7235.76,7124.65,59.6412437,855.91334716
801880,2025-05-21,7272.09,7221.53,7301.63,7199.54,59.67735746,947.34392655
801880,2025-05-22,7238.34,7248.79,7299.58,7233.46,62.2240443,885.10129437
801880,2025-05-23,7268.98,7228.18,7420.25,7228.18,63.9719884,1066.38181913
801880,2025-05-26,7139.93,7238.23,7238.23,7109.87,48.31401018,838.66159157
801880,2025-05-27,7065.18,7118.61,7137.49,7032.83,47.95963126,762.86414357
801880,2025-05-28,7014.38,7075.52,7101.49,7010.12,49.77150561,765.11014795
801880,2025-05-29,7106.25,7009.01,7155.69,7009.0,64.49789019,872.16420124
801880,2025-05-30,6970.5,7077.74,7077.74,6966.15,68.24499052,854.70735983
801880,2025-06-03,6951.4,6932.99,6966.61,6903.98,55.94201378,754.53828874
801880,2025-06-04,6976.56,6968.87,6991.76,6966.92,48.96903605,658.9780978
801880,2025-06-05,7026.54,6989.72,7033.13,6931.94,55.59698665,766.39219368
801880,2025-06-06,6982.39,7023.22,7023.23,6960.29,50.77890925,664.29333076
801880,2025-06-09,6984.61,6976.16,7021.88,6966.39,56.86753286,755.20274728
801880,2025-06-10,6937.99,6993.67,7015.01,6870.97,61.40179696,799.52123981
801880,2025-06-11,7055.74,6970.6,7081.44,6970.6,60.10009814,830.0078552
801880,2025-06-12,7063.17,7029.59,7086.29,7004.81,59.26544338,778.96533618
801880,2025-06-13,6923.15,7020.6,7020.65,6895.79,61.10089769,814.34229656
801880,2025-06-16,6908.22,6895.14,6910.69,6883.34,41.60560188,573.68855791
801880,2025-06-17,6869.94,6910.75,6911.26,6853.12,43.89674775,566.62442802
801880,2025-06-18,6890.48,6858.03,6892.36,6838.32,43.84642859,587.53858375
801880,2025-06-19,6789.47,6869.87,6902.13,6783.19,44.27476599,662.48442277
801880,2025-06-20,6746.19,6779.44,6798.94,6744.09,34.27701034,491.82726551
801880,2025-06-23,6766.37,6699.15,6775.66,6696.5,33.70755834,486.95564919
801880,2025-06-24,6944.22,6827.92,6960.16,6827.9,56.62177001,826.29123224
801880,2025-06-25,7042.73,6959.73,7044.36,6959.39,61.91901611,871.54759692
801880,2025-06-26,6945.95,7025.67,7025.95,6942.72,58.50756498,854.93145903
801880,2025-06-27,6940.78,6975.77,6975.77,6933.91,56.38564041,798.24942152
801880,2025-06-30,6992.03,6935.7,6993.93,6932.3,55.98578642,751.16383612
801880,2025-07-01,6989.39,6996.51,7004.36,6958.88,56.32504014,757.77448061
801880,2025-07-02,6940.26,6979.67,6979.85,6918.99,46.53417757,629.49818312
801880,2025-07-03,6985.04,6937.51,6990.39,6937.51,45.56519276,585.5350377
801880,2025-07-04,6947.88,6971.55,6999.32,6937.59,45.69695143,610.78068041
801880,2025-07-07,6940.12,6934.06,6946.47,6911.02,37.91806756,540.76332448
801880,2025-07-08,6988.39,6931.65,6988.39,6919.36,42.91514672,629.62437164
801880,2025-07-09,6951.57,7005.3,7015.97,6944.03,47.79030619,710.99209795
801880,2025-07-10,6908.67,6933.11,6933.11,6874.51,41.23970481,621.09789124
801880,2025-07-11,6919.33,6890.34,6955.88,6887.54,42.65807249,674.90989016
801880,2025-07-14,6952.56,6921.26,6963.65,6898.38,43.45033743,712.77322394
801880,2025-07-15,6992.59,6945.62,7001.63,6934.53,53.54211736,785.86554271
801880,2025-07-16,7067.67,6999.39,7085.65,6999.39,53.47625235,880.36036458
801880,2025-07-17,7158.33,7070.19,7158.33,7065.44,60.93065094,1001.2747648
801880,2025-07-18,7145.99,7163.69,7163.69,7114.03,50.54390195,808.16492642
801880,2025-07-21,7203.85,7155.16,7204.63,7147.18,54.94569711,863.931968
801880,2025-07-22,7207.45,7193.74,7207.45,7161.28,53.63524504,848.34879366
801880,2025-07-23,7168.06,7193.73,7213.07,7161.67,50.26616024,768.86226385
801880,2025-07-24,7225.76,7168.37,7231.23,7168.35,45.6101366,736.80214566
801880,2025-07-25,7219.27,7212.26,7237.82,7194.51,48.96176754,784.4687594
801880,2025-07-28,7235.51,7237.76,7257.63,7216.42,47.54915835,783.89258557
801880,2025-07-29,7212.81,7230.6,7230.63,7168.4,48.17662774,762.95292399
801880,2025-07-30,7121.16,7178.05,7188.86,7086.6,48.12812457,802.95390606
801880,2025-07-31,7021.49,7100.02,7111.81,7002.79,47.37548011,791.70842238
801880,2025-08-01,7049.13,7022.63,7089.87,7009.68,40.32888815,650.76594738
801880,2025-08-04,7110.19,7009.56,7110.19,7005.1,44.09927833,745.06605018
801880,2025-08-05,7193.4,7131.11,7193.4,7131.09,58.24275263,867.35414228
801880,2025-08-06,7278.53,7196.28,7278.93,7175.5,62.4071024,1038.03131706
801880,2025-08-07,7267.28,7284.15,7284.9,7235.05,55.87155031,934.81394902
801880,2025-08-08,7238.17,7248.9,7262.12,7224.54,49.15242486,817.72869861
801880,2025-08-11,7322.66,7251.26,7335.25,7251.26,53.12558535,869.10954078
801880,2025-08-12,7350.37,7324.32,7359.68,7315.16,53.46122667,910.25345836
801880,2025-08-13,7441.12,7359.04,7452.38,7358.37,64.79494313,1061.69807556
801880,2025-08-14,7341.52,7463.39,7463.39,7325.12,74.61596568,1125.98662064
801880,2025-08-15,7461.22,7328.05,7473.37,7328.05,64.45368891,1095.95718087
801880,2025-08-18,7563.0,7503.24,7608.05,7486.91,77.83265598,1312.355073
801880,2025-08-19,7607.9,7573.67,7656.2,7486.9,79.36311529,1408.66514524
801880,2025-08-20,7754.99,7592.24,7754.99,7576.19,77.51246082,1294.86697454
801880,2025-08-21,7707.98,7753.1,7776.37,7678.02,71.87431965,1258.29813104
801880,2025-08-22,7812.21,7698.47,7812.21,7698.47,67.30314195,1201.22193425
801880,2025-08-25,7867.39,7838.58,7876.6,7791.12,79.69681257,1403.28001961
801880,2025-08-26,7896.71,7850.59,7942.35,7820.56,72.74054217,1274.12634366
801880,2025-08-27,7720.02,7893.68,7950.57,7719.67,86.93647909,1479.07978478
801880,2025-08-28,7743.52,7699.39,7761.16,7540.73,96.03021391,1339.40501077
801880,2025-08-29,7839.33,7743.12,7922.55,7713.09,79.74624023,1397.79033212
801880,2025-09-01,7804.0,7795.78,7817.42,7778.84,77.7720766,1265.0656141
801880,2025-09-02,7833.72,7795.26,7876.09,7664.31,86.51714212,1401.6987338
801880,2025-09-03,7718.88,7888.77,7892.67,7686.65,82.48652461,1211.99826446
801880,2025-09-04,7558.0,7706.84,7733.56,7462.41,79.47719627,1152.22451163
801880,2025-09-05,7739.4,7555.77,7739.4,7543.18,66.01095436,1082.62109342
801880,2025-09-08,7834.83,7755.82,7858.2,7751.77,69.50138363,1179.36302237
801880,2025-09-09,7848.17,7811.09,7907.31,7809.09,74.89065801,1161.68351289
801880,2025-09-10,7822.61,7829.45,7923.27,7810.93,77.86901785,1086.8520194
801880,2025-09-11,7929.43,7806.1,7929.43,7761.12,72.52720182,1142.74684971
801880,2025-09-12,7874.22,7932.16,7972.41,7872.25,83.27449256,1136.85579527
801880,2025-09-15,7987.65,7895.38,8044.32,7895.38,82.94490894,1318.1834164
801880,2025-09-16,8132.65,8028.6,8132.65,8010.57,105.16906131,1496.55271097
801880,2025-09-17,8299.02,8155.54,8303.32,8155.54,83.904041,1482.8343
801880,2025-09-18,8266.57,8347.42,8459.51,8161.2,114.71070785,2000.74926869
801880,2025-09-19,8106.53,8234.73,8234.73,8068.45,104.32422972,1512.12822928
801880,2025-09-22,8171.23,8115.28,8184.13,8102.38,79.0219524,1273.31814445
801880,2025-09-23,8138.61,8163.53,8188.36,8018.52,104.85284821,1497.05568756
801880,2025-09-24,8167.58,8080.4,8167.58,8039.1,84.4642195,1292.95706643
801880,2025-09-25,8152.34,8160.26,8189.01,8112.38,78.35355259,1281.98836795
801880,2025-09-26,8106.63,8131.93,8270.3,8104.17,78.24497226,1332.17347308
801880,2025-09-29,8204.57,8112.91,8208.11,8065.43,64.8772201,1150.8150048
801880,2025-09-30,8244.77,8218.24,8264.55,8195.08,71.30734321,1149.13077484
801880,2025-10-09,8212.8,8234.72,8234.72,8155.32,74.75388806,1288.24126206
801880,2025-10-10,8141.23,8214.14,8294.27,8124.2,87.02403181,1297.36495891
801880,2025-10-13,7951.33,7811.7,7967.56,7811.7,78.44456219,1192.45691831
801880,2025-10-14,7805.12,8016.9,8064.48,7786.04,71.3958812,1141.19639643
801880,2025-10-15,7990.0,7837.57,7994.73,7774.16,80.33160495,1137.38623957
801880,2025-10-16,7935.26,7963.49,8033.17,7911.71,74.36826156,1036.92260731
801880,2025-10-17,7653.53,7900.37,7900.37,7649.62,71.2444814,1000.53280273
801880,2025-10-20,7735.61,7743.86,7784.12,7695.58,58.47813053,824.94222471
801880,2025-10-21,7831.04,7761.47,7831.98,7732.07,58.183267,833.53084606
801880,2025-10-22,7790.56,7797.01,7857.98,7783.23,55.16980724,776.87232505
801880,2025-10-23,7785.3,7756.45,7793.66,7680.71,52.49819388,759.6946868
801880,2025-10-24,7877.13,7805.62,7888.8,7805.62,53.68170099,831.79594822
801880,2025-10-27,7929.37,7922.3,7948.19,7875.74,60.29609049,962.92583012
801880,2025-10-28,7925.57,7926.64,7956.22,7886.83,61.94927051,974.01081097
801880,2025-10-29,7984.9,7913.25,7984.9,7906.89,64.6896905,976.81211909
801880,2025-10-30,7904.75,7990.18,7990.18,7886.16,75.33796519,1060.40977033
801880,2025-10-31,7949.25,7871.27,8012.2,7871.27,67.11060778,1082.97145512
801880,2025-11-03,7920.77,7972.13,7972.13,7857.03,67.0881273,974.68472846
801880,2025-11-04,7807.04,7910.15,7913.42,7769.36,58.91231697,913.49084999
801880,2025-11-05,7803.66,7712.25,7821.37,7707.58,53.82929249,817.45066836
801880,2025-11-06,7942.91,7842.76,7942.97,7836.98,61.45247378,987.31624943
801880,2025-11-07,7850.78,7916.58,7916.58,7849.19,60.48947766,1017.19281401
801880,2025-11-10,7814.23,7855.54,7855.6,7779.91,56.56500601,911.08974211
801880,2025-11-11,7780.44,7832.02,7832.02,7755.72,56.39523191,843.79649565
801880,2025-11-12,7717.61,7763.85,7763.85,7681.59,52.04298204,777.36088874
801880,2025-11-13,7776.73,7701.24,7795.19,7677.68,52.23512236,748.40478514
801880,2025-11-14,7684.8,7720.21,7764.48,7684.8,52.47252792,739.35993689
801880,2025-11-17,7682.57,7660.23,7713.49,7649.14,52.83452593,736.93940529
801880,2025-11-18,7593.12,7665.14,7672.93,7571.99,52.62931499,673.99203246
801880,2025-11-19,7540.89,7589.03,7613.63,7519.92,44.79848523,627.38944386
801880,2025-11-20,7449.47,7565.28,7576.34,7447.94,40.45535959,584.75929296
801880,2025-11-21,7308.64,7373.78,7409.67,7283.89,52.06615708,758.71433406
801880,2025-11-24,7378.0,7341.6,7406.76,7290.0,41.5181212,619.70548327
801880,2025-11-25,7424.23,7417.0,7490.6,7417.0,43.91920232,658.50345029
801880,2025-11-26,7463.69,7424.45,7503.81,7422.86,42.70787598,642.13159901
801880,2025-11-27,7455.32,7455.07,7512.05,7452.08,40.24368097,603.21411797
801880,2025-11-28,7545.76,7464.48,7545.76,7414.98,41.31657831,623.54983632
801880,2025-12-01,7632.33,7559.28,7632.33,7559.28,58.79621607,802.2144602
801880,2025-12-02,7590.77,7627.1,7627.1,7566.52,49.21438531,654.56774937
801880,2025-12-03,7534.41,7595.16,7595.16,7518.24,47.53786438,645.33284259
801880,2025-12-04,7555.63,7581.34,7601.95,7503.24,46.10631375,713.5890898
801880,2025-12-05,7649.89,7541.59,7649.89,7524.79,44.03938358,681.16117792
801880,2025-12-08,7676.45,7662.81,7684.93,7616.26,48.5812952,775.16599024
801880,2025-12-09,7631.73,7651.02,7695.76,7626.36,44.88145389,745.23880484
801880,2025-12-10,7700.71,7615.75,7706.2,7597.51,50.3436101,746.23213036
801880,2025-12-11,7629.02,7722.25,7736.69,7629.02,52.45268868,804.89817057
801880,2025-12-12,7662.0,7621.45,7684.78,7584.55,49.40338703,848.90976961
801880,2025-12-15,7585.29,7613.56,7657.6,7584.8,42.06772859,685.17044726
801880,2025-12-16,7534.08,7638.74,7638.74,7505.9,54.77825084,833.37737105
801880,2025-12-17,7591.81,7526.47,7608.31,7490.81,54.42352366,792.93468961
801880,2025-12-18,7542.9,7543.43,7615.55,7521.56,47.34838966,740.55437381
801880,2025-12-19,7654.14,7551.38,7701.84,7551.31,62.44066515,905.41502291
801880,2025-12-22,7722.06,7701.64,7752.68,7701.64,61.94462557,931.22658611
801880,2025-12-23,7648.57,7714.0,7714.0,7627.77,72.31392242,922.48680817
801880,2025-12-24,7707.51,7645.9,7716.77,7645.88,56.36188218,835.67836163
801880,2025-12-25,7820.4,7708.8,7830.84,7701.71,56.86378694,967.33086709
801880,2025-12-26,7863.75,7822.59,7923.39,7808.86,68.89241302,1124.83542853
801880,2025-12-29,7895.96,7868.27,7941.01,7858.27,62.12138008,1043.64425329
801880,2025-12-30,8002.57,7852.17,8025.3,7847.53,66.61734629,1156.25656874
801880,2025-12-31,7976.9,8031.12,8031.12,7947.26,75.75011707,1167.67422186
801880,2026-01-05,8020.24,7974.9,8022.89,7974.9,67.94773032,1119.94460965
801880,2026-01-06,8134.83,8021.89,8134.83,8021.89,76.531172,1302.77816562
801880,2026-01-07,8108.56,8108.76,8148.82,8071.58,84.81356381,1349.17630651
801880,2026-01-08,8095.85,8079.47,8124.63,8053.81,75.05321008,1202.47243146
801880,2026-01-09,8179.11,8107.57,8191.39,8107.57,77.04934978,1312.05647295
801880,2026-01-12,8229.14,8196.1,8237.98,8126.93,86.88852855,1462.14364147
801880,2026-01-13,8120.94,8243.82,8253.06,8096.2,89.78623243,1448.11137035
801880,2026-01-14,8088.22,8106.48,8197.2,8013.05,95.66993162,1503.72813063
801880,2026-01-15,8082.79,8063.69,8149.68,8053.16,73.39810447,1109.15514149
801880,2026-01-16,8219.31,8125.31,8242.78,8125.3,75.70055101,1336.78292881
801880,2026-01-19,8358.96,8241.82,8377.63,8241.82,71.21827723,1324.62002802
801880,2026-01-20,8276.85,8352.83,8387.3,8237.17,70.189023,1222.02209208
801880,2026-01-21,8353.52,8237.55,8368.54,8232.48,67.31389779,1154.09948697
801880,2026-01-22,8325.81,8370.89,8390.47,8309.24,68.89439096,1119.01552063
801880,2026-01-23,8425.62,8346.2,8429.42,8334.55,73.55419262,1331.74820304
801880,2026-01-26,8231.29,8444.56,8452.54,8217.22,77.33687398,1339.67370748
801880,2026-01-27,8233.62,8220.42,8269.74,8127.82,60.49357593,1043.78021107
801880,2026-01-28,8143.98,8228.87,8228.87,8094.5,58.23541823,1043.88248997
801880,2026-01-29,8029.34,8124.23,8124.23,8007.53,58.04494213,1033.50298589
801880,2026-01-30,7997.5,8010.05,8033.97,7879.05,57.10271571,952.46175477
801880,2026-02-02,7799.83,7936.4,7959.13,7799.03,54.40263767,928.31426153
801880,2026-02-03,7980.2,7866.94,7980.2,7832.56,50.45292486,856.72541776
801880,2026-02-04,8079.86,7975.26,8082.57,7974.36,59.7980147,920.58325777
801880,2026-02-05,8030.63,8060.86,8065.09,8001.23,48.23437909,756.18120176
801880,2026-02-06,8023.01,7976.33,8104.71,7946.88,47.49771317,807.55857422
801880,2026-02-09,8115.2,8114.47,8124.01,8064.42,42.63550495,776.24468626
801880,2026-02-10,8136.67,8123.12,8154.34,8103.53,41.23009315,759.52841002
801880,2026-02-11,8138.23,8135.7,8179.78,8134.14,39.64422517,764.06520842
801880,2026-02-12,8187.7,8150.89,8225.36,8146.71,43.88720175,822.15985107
801880,2026-02-13,8148.05,8152.3,8210.01,8143.17,43.08529316,746.67656042
801880,2026-02-24,8258.5,8254.54,8262.59,8187.54,53.81928382,888.76517893
801880,2026-02-25,8263.16,8260.09,8310.46,8241.37,53.84064062,850.25100713
801880,2026-02-26,8246.26,8258.04,8258.56,8204.52,50.09685423,866.44344333
801880,2026-02-27,8212.25,8192.65,8235.35,8180.7,43.83758477,771.08752914
801880,2026-03-02,8150.66,8085.12,8198.07,8072.77,57.81631006,1067.02091943
801880,2026-03-03,7879.01,8156.35,8185.28,7875.73,59.59027413,1043.42399486
801880,2026-03-04,7818.88,7798.1,7901.98,7771.34,41.90743679,734.46163199
801880,2026-03-05,7911.13,7937.39,7959.82,7869.32,39.86919618,707.45150429
801880,2026-03-06,7985.6,7910.06,8003.63,7887.77,39.17326493,697.31098693
801880,2026-03-09,7858.92,7843.32,7887.25,7705.44,46.8034339,849.8790384
801880,2026-03-10,8018.57,7931.93,8021.69,7931.87,37.88593345,715.96888321
801880,2026-03-11,8015.47,8023.48,8059.5,7988.93,41.63314689,798.98896888
801880,2026-03-12,7917.48,8000.26,8000.26,7889.72,40.10320236,700.63326051
801880,2026-03-13,7833.65,7879.2,7939.64,7819.71,38.55114897,669.14251966
801880,2026-03-16,7866.33,7819.59,7866.33,7728.01,37.81505013,720.9082561
801880,2026-03-17,7790.55,7900.77,7968.58,7790.55,49.31893796,765.18814567
801880,2026-03-18,7806.79,7796.87,7812.01,7702.33,40.45723725,656.29707097
801880,2026-03-19,7618.2,7705.91,7726.53,7594.6,37.08220455,635.7811962
801880,2026-03-20,7488.87,7641.82,7660.09,7488.36,39.84668623,655.70909177
801880,2026-03-23,7267.04,7398.31,7511.03,7229.53,54.03695146,963.04396473
801880,2026-03-24,7383.22,7384.44,7384.44,7231.68,42.9262152,730.12637093
801880,2026-03-25,7517.49,7431.15,7528.14,7431.14,39.8862669,693.48015145
801880,2026-03-26,7397.16,7523.99,7539.26,7385.39,38.98495139,661.21165811
801880,2026-03-27,7456.45,7293.92,7483.27,7293.92,35.14728477,612.81599647
801880,2026-03-30,7485.84,7358.51,7496.53,7358.51,37.02273988,660.13771871
801880,2026-03-31,7469.2,7507.3,7590.07,7469.2,41.98840284,719.89911001
801880,2026-04-01,7585.26,7584.72,7603.01,7547.35,40.70743758,747.13825054
801880,2026-04-02,7487.73,7567.73,7576.28,7446.93,37.68383207,639.78261656
801880,2026-04-03,7372.19,7511.29,7511.29,7364.33,33.20208529,551.65514209
801880,2026-04-07,7339.77,7379.15,7387.1,7303.89,31.02143583,512.33774059
801880,2026-04-08,7636.67,7491.49,7636.67,7491.49,45.11050603,782.0989882
801880,2026-04-09,7601.38,7569.08,7633.71,7555.4,37.64559305,669.34605757
801880,2026-04-10,7722.46,7651.02,7764.67,7651.02,44.04652289,781.60692479
801880,2026-04-13,7734.18,7669.93,7745.08,7669.93,44.48065537,768.50034093
801880,2026-04-14,7755.63,7786.57,7786.57,7692.32,45.19633851,795.34110946
801880,2026-04-15,7747.04,7799.89,7824.75,7733.38,42.26926713,778.79731996
801880,2026-04-16,7871.55,7791.26,7879.33,7791.26,43.9631327,839.57976461
801880,2026-04-17,7843.38,7842.92,7851.05,7782.34,42.67700655,762.69665742
801880,2026-04-20,7845.33,7844.54,7887.38,7810.91,46.18606428,813.17356498
801880,2026-04-21,7836.13,7826.49,7840.18,7784.25,42.79582481,817.47565217
801880,2026-04-22,7888.77,7791.81,7889.02,7787.26,46.00796618,812.23284586
801880,2026-04-23,7832.76,7905.33,7909.59,7778.24,53.85930556,953.2226241
801880,2026-04-24,7752.3,7804.34,7804.34,7716.33,43.28867216,765.7316966
801880,2026-04-27,7818.42,7748.95,7843.41,7748.95,47.39150827,843.33299365
801880,2026-04-28,7704.85,7784.43,7785.92,7683.67,44.48041431,780.65813149
801880,2026-04-29,7785.59,7678.35,7800.17,7678.35,43.81173934,803.50394253
801880,2026-04-30,7797.16,7790.77,7840.37,7788.01,50.27968125,878.07373251
801880,2026-05-06,7911.81,7871.93,7936.42,7871.93,53.41145549,997.21775667
801880,2026-05-07,8039.84,7959.26,8040.48,7922.0,54.00975561,1006.21760725
801880,2026-05-08,8095.88,8012.75,8108.97,7997.95,55.32328926,1153.04478924
801880,2026-05-11,8097.1,8117.26,8117.86,8063.59,57.73556389,1117.22146723
801880,2026-05-12,8021.5,8097.6,8097.6,7989.65,59.79413029,995.72399111
801880,2026-05-13,8067.89,7976.37,8070.47,7948.35,54.13015622,953.00887235
801880,2026-05-14,7923.73,8105.17,8105.2,7923.73,59.85850568,993.23053193
801880,2026-05-15,7943.57,7919.21,8064.91,7864.53,63.3695638,1160.88873621
801880,2026-05-18,7875.24,7885.57,7902.56,7827.49,55.82942861,1052.46322853
801880,2026-05-19,7914.6,7885.18,7921.83,7819.16,47.42579204,909.62408959
801880,2026-05-20,7813.95,7881.18,7881.19,7749.92,48.13614892,894.18812034
801880,2026-05-21,7828.9,7843.92,8025.47,7820.4,63.86906091,1337.57470976
801880,2026-05-22,7909.7,7854.8,7922.79,7800.79,52.67217142,1057.65076661
801880,2026-05-25,7909.23,7935.39,7951.9,7854.14,51.80460978,1029.70854096
801880,2026-05-26,7857.35,7888.91,7931.49,7772.94,55.54340741,1076.92763614
801880,2026-05-27,7658.76,7817.3,7854.67,7623.25,50.32541943,960.07048692
801880,2026-05-28,7620.64,7632.43,7644.32,7516.06,46.25382369,881.14221823
801880,2026-05-29,7451.52,7669.68,7669.68,7434.31,48.96503538,921.80514461
801880,2026-06-01,7403.24,7439.53,7500.21,7387.63,42.64414391,771.00601665
801880,2026-06-02,7425.3,7430.65,7442.11,7318.47,45.2522509,836.19683321
801880,2026-06-03,7385.57,7419.69,7471.41,7342.3,46.34785058,847.44591172
801880,2026-06-04,7374.03,7339.11,7451.74,7339.11,42.93760001,830.04138032
801880,2026-06-05,7321.55,7376.75,7441.22,7260.16,48.52485265,921.38463472
801880,2026-06-08,7190.75,7125.83,7296.66,7116.12,48.40195011,905.24563979
801880,2026-06-09,7234.61,7236.78,7236.78,7121.05,41.72690101,766.8753969
801880,2026-06-10,7024.03,7158.26,7158.26,6976.75,45.97659989,785.91679592
801880,2026-06-11,6910.18,6966.54,6973.09,6851.87,40.74436601,693.70171519
801880,2026-06-12,6983.07,6994.02,7051.38,6950.27,46.42753344,802.75705586
801880,2026-06-15,7143.34,7028.11,7144.47,7028.03,45.4040856,783.81722738
801880,2026-06-16,7070.19,7128.91,7129.01,7054.39,45.2596374,786.23417529
801880,2026-06-17,7019.44,7040.11,7062.4,6987.42,43.08065917,740.99669495
801880,2026-06-18,7030.27,7005.5,7079.26,6993.69,44.21671855,822.33628884
801880,2026-06-22,6965.62,7033.64,7033.64,6804.0,52.14119632,958.86748285
801880,2026-06-23,6862.22,6951.12,6989.54,6838.74,44.12578092,772.03813617
801880,2026-06-24,6791.2,6860.34,6860.45,6749.07,42.25228691,737.70643864
801880,2026-06-25,6693.7,6777.45,6800.11,6670.62,45.62240736,805.73072719
801880,2026-06-26,6486.14,6677.73,6677.77,6485.19,44.35759699,780.59176852
801880,2026-06-29,6456.89,6468.01,6472.87,6356.15,46.62833234,809.13642031
801880,2026-06-30,6555.18,6462.76,6566.1,6462.59,39.42114609,718.60819492
801880,2026-07-01,6632.97,6572.65,6686.58,6572.65,42.89513281,787.00388457
801880,2026-07-02,6649.52,6627.6,6779.29,6627.59,47.46695771,881.57093149
801880,2026-07-03,6944.37,6671.09,6977.53,6671.09,59.4567154,1133.99715184
801880,2026-07-06,6913.52,6964.99,7032.6,6912.59,52.30848678,1042.58022156
801880,2026-07-07,6768.88,6910.74,6973.66,6745.35,41.13717896,767.75627467
801880,2026-07-08,6574.6,6742.93,6742.96,6574.18,37.16433921,682.04190535
801880,2026-07-09,6576.74,6560.94,6582.82,6439.88,38.84707827,655.14401016
801880,2026-07-10,6654.49,6586.8,6752.35,6586.8,46.03842175,818.53326199
801880,2026-07-13,6372.16,6595.41,6595.41,6359.88,42.1839119,706.47433357
801880,2026-07-14,6466.78,6349.46,6466.78,6297.16,37.36407045,598.0104294
801880,2026-07-15,6491.09,6462.0,6546.14,6440.12,38.51653095,615.73210918
801880,2026-07-16,6497.18,6450.94,6577.47,6432.28,36.85369862,606.15298106
801880,2026-07-17,6228.12,6492.65,6492.69,6185.92,43.90634633,698.87814608
801880,2026-07-20,6166.06,6258.13,6327.32,6079.36,45.63023248,672.40104026
801880,2026-07-21,6271.26,6175.45,6278.03,6112.11,48.74128924,723.6760569
801880,2026-07-22,6187.25,6236.28,6236.32,6147.08,35.42139318,553.26237751
801880,2026-07-23,6293.53,6165.64,6294.52,6165.64,35.68303921,499.51838093
801880,2026-07-24,6162.6,6218.41,6265.4,6162.6,31.38203429,439.60625227
801880,2026-07-27,6300.79,6172.1,6300.79,6172.1,32.22777576,457.02192642
801880,2026-07-28,6241.4,6235.27,6337.43,6227.9,33.09753513,476.18750208
801880,2026-07-29,6355.93,6246.07,6384.89,6246.07,42.40462626,615.71922566
801880,2026-07-30,6334.53,6326.34,6418.26,6281.91,45.11230632,633.45739495
801880,2026-07-31,6469.68,6349.73,6495.99,6349.73,47.3084663,733.27858019
801880,2026-08-03,6492.16,6469.6,6527.58,6467.97,38.72403315,581.13253754
801880,2026-08-04,6479.72,6498.56,6498.56,6442.2,44.35235682,628.7792524
801880,2026-08-05,6584.4,6487.93,6595.32,6487.93,43.55506161,645.36971373
801880,2026-08-06,6517.04,6548.86,6567.71,6463.61,49.99159055,636.40459093
801880,2026-08-07,6535.4,6521.43,6535.84,6438.1,41.40508296,585.65273926
801880,2026-08-10,6624.66,6547.94,6625.81,6529.09,37.87696599,570.28106546
801880,2026-08-11,6584.58,6603.78,6620.08,6558.69,35.7569548,582.94035406
801880,2026-08-12,6634.18,6574.52,6639.5,6566.09,35.22639054,558.08772432
801880,2026-08-13,6547.49,6647.97,6658.44,6547.49,35.67131003,576.81561759
801880,2026-08-14,6513.7,6548.34,6548.34,6473.2,32.58950751,508.37978354
801880,2026-08-17,6617.58,6526.84,6617.58,6481.2,33.05542547,538.4593895
801880,2026-08-18,6612.72,6614.76,6614.92,6553.03,34.98696835,574.108426
801880,2026-08-19,6339.24,6551.17,6551.17,6329.27,39.19886538,634.02947801
801880,2026-08-20,6393.02,6370.79,6403.62,6350.32,29.86182139,478.95594614
801880,2026-08-21,6413.86,6374.16,6418.62,6333.1,27.73482736,402.59669733
801880,2026-08-24,6339.41,6415.95,6415.95,6290.23,31.39724902,503.86966606
801880,2026-08-25,6428.4,6312.46,6438.39,6302.19,34.25550301,500.31873149
801880,2026-08-26,6438.86,6429.56,6471.32,6418.95,33.72054269,470.76086985
801880,2026-08-27,6481.69,6427.8,6483.46,6401.81,34.97082012,529.71170125
801880,2026-08-28,6484.79,6493.48,6508.17,6449.85,35.54972226,562.3769168
801880,2026-08-31,6473.39,6442.22,6482.85,6401.07,35.96955652,571.58491294
801880,2026-09-01,6508.26,6487.01,6538.41,6480.74,39.06438116,562.90223666
801880,2026-09-02,6439.49,6468.71,6468.71,6411.06,34.1798093,534.11034802
801880,2026-09-03,6468.6,6467.67,6506.57,6449.37,35.14194227,572.66355991
801880,2026-09-04,6432.24,6525.95,6554.79,6410.57,43.4223177,689.76127733
801880,2026-09-07,6474.85,6439.07,6494.03,6438.3,38.48944446,619.0337963
801880,2026-09-08,6450.76,6476.9,6476.94,6423.72,40.96469854,577.96087448
801880,2026-09-09,6448.68,6454.68,6473.18,6421.29,32.54502842,489.19096039
801880,2026-09-10,6312.23,6416.42,6416.43,6312.23,36.47330873,470.94540078
801880,2026-09-11,6223.85,6271.8,6271.8,6156.85,40.88183992,506.86501795
801880,2026-09-14,6284.13,6205.38,6302.91,6205.38,38.25958059,464.24666616
801880,2026-09-15,6201.52,6280.95,6285.14,6194.97,55.41372937,505.57376728
801880,2026-09-16,6183.67,6182.94,6196.72,6111.44,45.24764652,466.39354872
801880,2026-09-17,6283.77,6188.32,6295.59,6188.32,49.45476383,562.58398978
801880,2026-09-18,6318.94,6311.29,6320.68,6280.89,51.0364028,594.98572954
801880,2026-09-21,6394.44,6325.14,6399.84,6325.14,44.69686259,610.84926388
801880,2026-09-22,6400.33,6416.18,6432.87,6389.01,42.0482402,568.18793246
801880,2026-09-23,6367.71,6398.13,6408.05,6348.99,44.80638238,535.59862716
801880,2026-09-24,6297.23,6347.36,6387.42,6297.23,41.55248254,567.74145158
801880,2026-09-28,6218.5,6283.18,6283.18,6186.76,46.33215256,589.78975959
801880,2026-09-29,6230.2,6207.21,6249.17,6175.44,42.4086753,520.57494271
801880,2026-09-30,6272.47,6243.41,6335.9,6219.37,45.45152384,566.49455359
